-- MySQL dump 10.13  Distrib 9.2.0, for macos15.2 (arm64)
--
-- Host: 47.115.213.70    Database: smart_medicine
-- ------------------------------------------------------
-- Server version	8.0.41

/*!40101 SET @OLD_CHARACTER_SET_CLIENT=@@CHARACTER_SET_CLIENT */;
/*!40101 SET @OLD_CHARACTER_SET_RESULTS=@@CHARACTER_SET_RESULTS */;
/*!40101 SET @OLD_COLLATION_CONNECTION=@@COLLATION_CONNECTION */;
/*!50503 SET NAMES utf8mb4 */;
/*!40103 SET @OLD_TIME_ZONE=@@TIME_ZONE */;
/*!40103 SET TIME_ZONE='+00:00' */;
/*!40014 SET @OLD_UNIQUE_CHECKS=@@UNIQUE_CHECKS, UNIQUE_CHECKS=0 */;
/*!40014 SET @OLD_FOREIGN_KEY_CHECKS=@@FOREIGN_KEY_CHECKS, FOREIGN_KEY_CHECKS=0 */;
/*!40101 SET @OLD_SQL_MODE=@@SQL_MODE, SQL_MODE='NO_AUTO_VALUE_ON_ZERO' */;
/*!40111 SET @OLD_SQL_NOTES=@@SQL_NOTES, SQL_NOTES=0 */;

--
-- Table structure for table `chat_message`
--

DROP TABLE IF EXISTS `chat_message`;
/*!40101 SET @saved_cs_client     = @@character_set_client */;
/*!50503 SET character_set_client = utf8mb4 */;
CREATE TABLE `chat_message` (
  `id` int NOT NULL AUTO_INCREMENT,
  `user_id` int NOT NULL COMMENT '用户ID',
  `doctor_id` int NOT NULL COMMENT '医生ID',
  `content` text NOT NULL COMMENT '消息内容',
  `from_doctor` tinyint(1) NOT NULL COMMENT '是否来自医生',
  `create_time` datetime NOT NULL COMMENT '创建时间',
  `is_read` tinyint(1) NOT NULL DEFAULT '0' COMMENT '是否已读',
  PRIMARY KEY (`id`),
  KEY `idx_user_doctor` (`user_id`,`doctor_id`)
) ENGINE=InnoDB AUTO_INCREMENT=57 DEFAULT CHARSET=utf8mb4 COLLATE=utf8mb4_0900_ai_ci COMMENT='聊天消息表';
/*!40101 SET character_set_client = @saved_cs_client */;

--
-- Dumping data for table `chat_message`
--

LOCK TABLES `chat_message` WRITE;
/*!40000 ALTER TABLE `chat_message` DISABLE KEYS */;
INSERT INTO `chat_message` VALUES (1,13,12,'你好',0,'2025-03-27 22:48:41',1),(2,13,12,'您好，我是user004医生。我已收到您的消息：\"你好\"。请稍等，我正在分析您的情况...',1,'2025-03-27 22:48:41',0),(3,13,12,'在吗',0,'2025-03-27 22:48:48',1),(4,13,12,'您好，我是user004医生。我已收到您的消息：\"在吗\"。请稍等，我正在分析您的情况...',1,'2025-03-27 22:48:48',0),(5,13,12,'你好',0,'2025-03-27 22:58:13',1),(6,8,12,'11',1,'2025-03-27 23:09:24',0),(7,8,12,'你好',1,'2025-03-27 23:09:49',0),(8,8,12,'在吗',0,'2025-03-27 23:09:55',1),(9,8,12,'在吗',0,'2025-03-27 23:10:13',1),(10,8,12,'1',0,'2025-03-27 23:13:02',1),(11,8,12,'1',1,'2025-03-27 23:13:05',0),(12,8,12,'2',1,'2025-03-27 23:13:09',0),(13,8,12,'3',0,'2025-03-27 23:16:48',1),(14,8,12,'3',0,'2025-03-27 23:21:10',1),(15,8,12,'1',1,'2025-03-27 23:21:12',0),(16,8,12,'4',0,'2025-03-27 23:21:16',1),(17,8,12,'hello',1,'2025-03-27 23:38:46',0),(18,8,12,'你好',1,'2025-03-27 23:40:04',0),(19,13,12,'你好',1,'2025-03-30 18:44:33',0),(20,8,12,'你好',0,'2025-03-30 18:52:39',1),(21,8,12,'你好',0,'2025-03-30 18:52:54',1),(22,8,12,'你在吗',0,'2025-03-30 18:53:16',1),(23,8,12,'你好',0,'2025-03-30 18:53:37',1),(24,8,12,'在不在',0,'2025-03-30 18:53:54',1),(25,8,12,'在',1,'2025-03-30 18:55:04',0),(26,8,12,'你好',0,'2025-03-30 18:56:42',1),(27,8,12,'你好',0,'2025-03-30 18:58:07',1),(28,8,12,'你好',0,'2025-03-30 19:02:39',1),(29,8,12,'你好',0,'2025-03-30 19:05:02',1),(30,8,12,'你好',0,'2025-03-30 19:09:13',1),(31,8,12,'你好',0,'2025-03-30 19:09:52',1),(32,8,12,'你是谁',1,'2025-03-30 19:11:24',0),(33,8,12,'你好',0,'2025-03-30 19:15:30',1),(34,8,12,'我是医生',1,'2025-03-30 19:16:02',0),(35,8,12,'我是患者',0,'2025-03-30 19:16:10',1),(36,8,12,'你好',0,'2025-03-30 19:17:51',1),(37,8,12,'我是谁',0,'2025-03-30 19:17:58',1),(38,8,12,'你好',0,'2025-03-30 19:49:30',1),(39,8,12,'我是医生，有什么话请说',1,'2025-03-30 19:50:06',0),(40,8,12,'没什么',0,'2025-03-30 19:50:14',1),(41,8,12,'非常好',0,'2025-03-30 19:50:37',1),(42,8,12,'你好',0,'2025-03-30 19:54:50',0),(43,5,15,'我是谁',0,'2025-04-03 19:29:26',1),(44,5,15,'医生，我胃疼',0,'2025-04-03 19:29:51',1),(45,13,12,'你好',0,'2025-04-05 18:04:14',1),(46,13,12,'医生已结束本次问诊。如需继续咨询，请重新挂号。谢谢！',1,'2025-04-05 19:35:28',0),(47,13,12,'你好',0,'2025-04-05 19:44:25',1),(48,13,12,'我肚子不舒服',0,'2025-04-05 19:50:56',1),(49,13,12,'正常现象，不用治疗',1,'2025-04-05 19:51:08',0),(50,14,12,'你好',0,'2025-04-05 19:52:25',1),(51,13,12,'你好',1,'2025-04-05 19:59:48',0),(52,13,12,'你好',1,'2025-04-05 20:00:30',0),(53,17,12,'你好',0,'2025-04-05 20:10:18',1),(54,17,12,'你有，请说',1,'2025-04-05 20:10:31',0),(55,17,12,'没事了，拜拜',0,'2025-04-05 20:10:42',1),(56,17,12,'你好',1,'2025-04-05 20:13:06',0);
/*!40000 ALTER TABLE `chat_message` ENABLE KEYS */;
UNLOCK TABLES;

--
-- Table structure for table `doctor_registration`
--

DROP TABLE IF EXISTS `doctor_registration`;
/*!40101 SET @saved_cs_client     = @@character_set_client */;
/*!50503 SET character_set_client = utf8mb4 */;
CREATE TABLE `doctor_registration` (
  `id` int NOT NULL AUTO_INCREMENT,
  `user_id` int NOT NULL COMMENT '患者用户ID',
  `doctor_id` int NOT NULL COMMENT '医生用户ID',
  `create_time` datetime DEFAULT CURRENT_TIMESTAMP COMMENT '挂号时间',
  `status` int DEFAULT '0' COMMENT '问诊状态：0-进行中，1-已结束',
  PRIMARY KEY (`id`),
  UNIQUE KEY `idx_user_doctor` (`user_id`,`doctor_id`) COMMENT '确保同一用户不重复挂号同一医生'
) ENGINE=InnoDB AUTO_INCREMENT=38 DEFAULT CHARSET=utf8mb4 COLLATE=utf8mb4_0900_ai_ci COMMENT='医生挂号记录';
/*!40101 SET character_set_client = @saved_cs_client */;

--
-- Dumping data for table `doctor_registration`
--

LOCK TABLES `doctor_registration` WRITE;
/*!40000 ALTER TABLE `doctor_registration` DISABLE KEYS */;
INSERT INTO `doctor_registration` VALUES (31,4,19,'2025-04-05 00:22:31',0),(33,13,19,'2025-04-05 18:34:43',0),(34,13,12,'2025-04-05 20:00:22',1),(35,14,12,'2025-04-05 19:52:17',1),(37,17,12,'2025-04-05 20:12:55',1);
/*!40000 ALTER TABLE `doctor_registration` ENABLE KEYS */;
UNLOCK TABLES;

--
-- Table structure for table `feedback`
--

DROP TABLE IF EXISTS `feedback`;
/*!40101 SET @saved_cs_client     = @@character_set_client */;
/*!50503 SET character_set_client = utf8mb4 */;
CREATE TABLE `feedback` (
  `id` int NOT NULL AUTO_INCREMENT COMMENT '主键ID',
  `name` varchar(11) CHARACTER SET utf8mb4 COLLATE utf8mb4_0900_ai_ci DEFAULT NULL COMMENT '反馈用户',
  `email` varchar(255) CHARACTER SET utf8mb4 COLLATE utf8mb4_0900_ai_ci DEFAULT NULL COMMENT '邮箱地址',
  `title` varchar(255) CHARACTER SET utf8mb4 COLLATE utf8mb4_0900_ai_ci DEFAULT NULL COMMENT '反馈标题',
  `content` text CHARACTER SET utf8mb4 COLLATE utf8mb4_0900_ai_ci COMMENT '反馈内容',
  `create_time` datetime DEFAULT CURRENT_TIMESTAMP COMMENT '创建时间',
  `update_time` datetime DEFAULT CURRENT_TIMESTAMP ON UPDATE CURRENT_TIMESTAMP COMMENT '更新时间',
  PRIMARY KEY (`id`) USING BTREE
) ENGINE=InnoDB AUTO_INCREMENT=14 DEFAULT CHARSET=utf8mb4 COLLATE=utf8mb4_0900_ai_ci ROW_FORMAT=DYNAMIC;
/*!40101 SET character_set_client = @saved_cs_client */;

--
-- Dumping data for table `feedback`
--

LOCK TABLES `feedback` WRITE;
/*!40000 ALTER TABLE `feedback` DISABLE KEYS */;
INSERT INTO `feedback` VALUES (6,'路人甲','31952874@qq.com','测试一号','测试这个系统有问题吗？','2022-05-03 16:13:59','2022-05-03 16:13:59'),(7,'路人乙','31952874@qq.com','测试二号','惆怅长岑长错错错错错错','2022-05-03 16:14:20','2022-05-03 16:14:20'),(12,'1','1','1','1','2025-04-04 16:40:10','2025-04-04 16:40:10'),(13,'1','1','1','1','2025-04-04 16:40:40','2025-04-04 16:40:40');
/*!40000 ALTER TABLE `feedback` ENABLE KEYS */;
UNLOCK TABLES;

--
-- Table structure for table `first_aid_category`
--

DROP TABLE IF EXISTS `first_aid_category`;
/*!40101 SET @saved_cs_client     = @@character_set_client */;
/*!50503 SET character_set_client = utf8mb4 */;
CREATE TABLE `first_aid_category` (
  `id` int NOT NULL AUTO_INCREMENT,
  `name` varchar(50) CHARACTER SET utf8mb4 COLLATE utf8mb4_0900_ai_ci NOT NULL COMMENT '分类名称',
  `sort` int DEFAULT '0' COMMENT '排序',
  `create_time` datetime DEFAULT CURRENT_TIMESTAMP,
  `update_time` datetime DEFAULT CURRENT_TIMESTAMP ON UPDATE CURRENT_TIMESTAMP,
  PRIMARY KEY (`id`) USING BTREE
) ENGINE=InnoDB AUTO_INCREMENT=8 DEFAULT CHARSET=utf8mb4 COLLATE=utf8mb4_0900_ai_ci ROW_FORMAT=DYNAMIC COMMENT='急救指南分类表';
/*!40101 SET character_set_client = @saved_cs_client */;

--
-- Dumping data for table `first_aid_category`
--

LOCK TABLES `first_aid_category` WRITE;
/*!40000 ALTER TABLE `first_aid_category` DISABLE KEYS */;
INSERT INTO `first_aid_category` VALUES (1,'运动损伤',2,'2025-02-22 20:58:32','2025-02-22 21:10:56'),(2,'意外事故',3,'2025-02-22 21:11:13','2025-02-22 21:11:13'),(3,'危重急救',4,'2025-02-23 21:32:31','2025-02-25 19:27:10'),(4,'急症突发',0,'2025-02-25 19:27:33','2025-02-25 19:27:33'),(5,'家庭护理',0,'2025-02-25 20:22:06','2025-02-25 20:22:06'),(6,'中毒处理',0,'2025-02-25 20:22:13','2025-02-25 20:22:13'),(7,'阿里巴巴',0,'2025-03-02 16:56:18','2025-03-02 16:56:18');
/*!40000 ALTER TABLE `first_aid_category` ENABLE KEYS */;
UNLOCK TABLES;

--
-- Table structure for table `first_aid_guide`
--

DROP TABLE IF EXISTS `first_aid_guide`;
/*!40101 SET @saved_cs_client     = @@character_set_client */;
/*!50503 SET character_set_client = utf8mb4 */;
CREATE TABLE `first_aid_guide` (
  `id` int NOT NULL AUTO_INCREMENT,
  `category_id` int NOT NULL COMMENT '分类ID',
  `title` varchar(100) CHARACTER SET utf8mb4 COLLATE utf8mb4_0900_ai_ci NOT NULL COMMENT '标题',
  `content` text CHARACTER SET utf8mb4 COLLATE utf8mb4_0900_ai_ci NOT NULL COMMENT '内容',
  `img_path` varchar(255) CHARACTER SET utf8mb4 COLLATE utf8mb4_0900_ai_ci DEFAULT NULL COMMENT '图片路径',
  `sort` int DEFAULT '0' COMMENT '排序',
  `create_time` datetime DEFAULT CURRENT_TIMESTAMP,
  `update_time` datetime DEFAULT CURRENT_TIMESTAMP ON UPDATE CURRENT_TIMESTAMP,
  PRIMARY KEY (`id`) USING BTREE,
  KEY `category_id` (`category_id`) USING BTREE,
  CONSTRAINT `first_aid_guide_ibfk_1` FOREIGN KEY (`category_id`) REFERENCES `first_aid_category` (`id`) ON DELETE RESTRICT ON UPDATE RESTRICT
) ENGINE=InnoDB AUTO_INCREMENT=54 DEFAULT CHARSET=utf8mb4 COLLATE=utf8mb4_0900_ai_ci ROW_FORMAT=DYNAMIC COMMENT='急救指南内容表';
/*!40101 SET character_set_client = @saved_cs_client */;

--
-- Dumping data for table `first_aid_guide`
--

LOCK TABLES `first_aid_guide` WRITE;
/*!40000 ALTER TABLE `first_aid_guide` DISABLE KEYS */;
INSERT INTO `first_aid_guide` VALUES (1,1,'脱臼','<h1 style=\"text-align: start; line-height: 1.5;\">脱臼了，怎么办？</h1><h2><span style=\"font-size: 14px;\">一、脱臼会有哪些表现</span></h2><p><br></p><p><span style=\"font-size: 14px;\"><strong>1. 共同的症状</strong></span></p><p><br></p><p><span style=\"font-size: 14px;\">（1）关节畸形</span></p><p><br></p><p><span style=\"font-size: 14px;\">（2）疼痛</span></p><p><br></p><p><span style=\"font-size: 14px;\">（3）肿胀与淤血</span></p><p><br></p><p><span style=\"font-size: 14px;\">（4）关节弹性固定</span></p><p><br></p><p><span style=\"font-size: 14px;\">（5）关节周围肌肉力量减弱</span></p><p><br></p><p><span style=\"font-size: 14px;\">（6）关节不稳定</span></p><p><br></p><p><span style=\"font-size: 14px;\"><strong>2. 特有的症状</strong></span></p><p><br></p><p><span style=\"font-size: 14px;\">（1）肩关节脱位，严重者可能出现臂丛神经损伤；</span></p><p><br></p><p><span style=\"font-size: 14px;\">（2）肘关节脱位则可能出现尺神经损伤等；</span></p><p><br></p><p><span style=\"font-size: 14px;\">（3）膝关节脱位时间比较久之后，会使得周围的血管持续牵拉，周围软组织肿胀会压迫经过关节周围的血管，造成膝关节远端的肢体缺血、疼痛等。</span></p><p><br></p><h2><span style=\"font-size: 14px;\">二、脱臼了怎么办？</span></h2><p><br></p><p><span style=\"font-size: 14px;\"><strong>1. 脱臼如何治疗</strong></span></p><p><br></p><p><span style=\"font-size: 14px;\"><strong>一旦确诊脱臼，需要尽快做复位。</strong></span></p><p><br></p><p><span style=\"font-size: 14px;\">因为脱臼持续时间越久，肢体血供影响越大，极端情况下会导致肢体坏死，此外，周围的肌肉、关节囊等结构会出现损伤，肿胀的情况也会越发严重，手法复位的难度也越高，最终可能需要手术切开复位。</span></p><p><br></p><p><span style=\"font-size: 14px;\"><strong>2. 脱臼能自己手法复位吗？</strong></span></p><p><br></p><p><span style=\"font-size: 14px;\">不推荐自己进行手法复位，即便是习惯性脱位患者，也尽量到医院复位。</span></p><p><br></p><h2><span style=\"font-size: 14px;\"><strong>三、如何预防脱臼？</strong></span></h2><p><br></p><p><span style=\"font-size: 14px;\">（1）最重要的还是需要避免日常生活的暴力损伤，尽可能避免肢体遭受突然的严重暴力。</span></p><p><br></p><p><span style=\"font-size: 14px;\">（2）对反复脱位的关节，可以采用支具固定保护、手术修复等方法，防止关节反复脱位。</span></p><p><br></p><p><span style=\"font-size: 14px;\">（3）加强关节周围肌肉和韧带功能的训练，也可以改善关节稳定性，预防脱位。具体如何训练，可咨询骨科或康复科医生。</span></p><p><br></p><p><br></p><p><span style=\"color: rgb(153, 153, 153); font-size: 14px;\">参考资料：</span></p><p><br></p><p><span style=\"color: rgb(153, 153, 153); font-size: 14px;\">[1] 丁香医生词条「关节脱位」</span></p>',NULL,123,'2025-02-22 21:34:15','2025-03-01 16:43:38'),(2,1,'骨折','<p><br></p><h1 style=\"text-align: start; line-height: 1.5;\">骨折了，该怎么办？</h1><h2></h2><h2><span style=\"font-size: 14px;\">骨折后有什么表现？</span></h2><p><br></p><p><span style=\"font-size: 14px;\">骨折后，一般表现为局部疼痛、血肿或肿胀、运动有障碍。</span></p><p><br></p><p><span style=\"font-size: 14px;\">骨折可能是骨折处移位，导致患肢外形改变，比如短缩、成角或旋转；可能是原本固定不能活动的部位，出现了不正常的活动；严重时骨折处的骨头甚至可能戳出皮肤表面。</span></p><p><br></p><h2><span style=\"font-size: 14px;\">骨折了，怎么办？</span></h2><p><br></p><p><span style=\"font-size: 14px;\"><strong>1. 止血</strong></span></p><p><br></p><p><span style=\"font-size: 14px;\">如果骨折部位出血，可用手或干净的绷带按压或绑住靠近心脏方向的出血点。</span></p><p><br></p><p><span style=\"font-size: 14px;\"><strong>2. 暴露伤处</strong></span></p><p><br></p><p><span style=\"font-size: 14px;\">把受伤部位的衣物脱下来或者剪掉，动作一定要轻柔。</span></p><p><br></p><p><span style=\"font-size: 14px;\"><strong>3. 冰敷</strong></span></p><p><br></p><p><span style=\"font-size: 14px;\">有条件的话，用毛巾包着冰袋或冰块敷在受伤部位。</span></p><p><br></p><p><span style=\"font-size: 14px;\"><strong>4. 固定伤处</strong></span></p><p><br></p><p><span style=\"font-size: 14px;\">不要移动受伤的肢体，用木板、树枝、硬纸片甚至折叠多层的报纸进行必要的固定。因为伤处可能有内出血，不能固定过紧。</span></p><p><br></p><p><span style=\"font-size: 14px;\"><strong>5. 尽快就医</strong></span></p><p><br></p><p><span style=\"font-size: 14px;\">简单处理后尽快就医，在看医生前，先不要吃喝，以防可能需要做手术。</span></p><p><br></p><p><span style=\"font-size: 14px;\">如果是脊椎骨折，不要移动伤者，马上拨打 120 急救电话。</span></p><p><br></p><h2><span style=\"font-size: 14px;\">如何预防骨折？</span></h2><p><br></p><p><span style=\"font-size: 14px;\">骨折最常见的原因是单纯的外伤性骨折，但中老年人还要注意另外两种类型的骨折：疲劳性骨折和病理性骨折。</span></p><p><br></p><p><span style=\"font-size: 14px;\">疲劳性骨折多是因为骨骼长期受到反复的、集中的、轻微的损伤，或发生骨囊肿，多发生在肋部、小腿或脚掌。</span></p><p><br></p><p><span style=\"font-size: 14px;\">病理性骨折指在因为某些疾病而发生的骨折，比如骨质疏松、骨肿瘤、内分泌紊乱等，这种情况在遇到轻微的外力（甚至没有外力，只因有自身的重力作用）时就可能发生骨折。</span></p><p><br></p><ol><li><span style=\"font-size: 14px;\">下楼梯的时候要注意安全。</span></li><li><span style=\"font-size: 14px;\">进行强度较大的运动时，要充分热身，佩戴头盔、护肘、护膝等护具。</span></li><li><span style=\"font-size: 14px;\">视个人身体情况决定是否使用拐杖，避免摔倒。</span></li><li><span style=\"font-size: 14px;\">预防和治疗骨质疏松。</span></li><li><span style=\"font-size: 14px;\">如果是其他疾病引起的反复骨折，要积极治疗原发病。</span></li></ol>',NULL,123,'2025-02-22 21:34:15','2025-03-01 16:46:18'),(3,1,'岔气','<h1 style=\"text-align: start; line-height: 1.5;\">岔气了，怎么办？</h1><p><br></p><h2><span style=\"font-size: 14px;\">一、如何避免岔气</span></h2><p><br></p><p><span style=\"font-size: 14px;\">岔气大部分与在进行正式运动前准备活动不充分有关。</span></p><p><br></p><p><span style=\"font-size: 14px;\">因此，在每次运动前，应做 5～10 分钟的准备活动，充分活动大肌肉群和主要关节，使身体微微发汗为宜，尤其在冬天，准备活动的时间应适当延长。</span></p><p><br></p><p><span style=\"font-size: 14px;\">除此之外，在进行运动前，还应注意：</span></p><p><br></p><p><span style=\"font-size: 14px;\"><strong>1. 避免高脂肪和高纤维饮食</strong></span></p><p><br></p><p><span style=\"font-size: 14px;\">进食会增加胃肠道的负担，所以在进食后至少 1.5 小时再进行运动；</span></p><p><br></p><p><span style=\"font-size: 14px;\"><strong>2. 少喝果汁</strong></span></p><p><br></p><p><span style=\"font-size: 14px;\">有研究表明，运动前喝果汁可能会导致岔气。可以适当补充运动饮料，但应避免过凉的饮品；</span></p><p><br></p><p><span style=\"font-size: 14px;\"><strong>3. 注意跑步和呼吸的节奏</strong></span></p><p><br></p><p><span style=\"font-size: 14px;\">采用正确的跑步姿势，不要盲目追求最快最强。逐步增加运动强度，使得呼吸与整个机体的运动相协调。</span></p><p><br></p><h2><span style=\"font-size: 14px;\">二、出现岔气了怎么办？<br></span></h2><p><br></p><p><span style=\"font-size: 14px;\">如果没有做好准备活动，在运动过程中出现岔气是一件极其难受的事，那应该怎么做呢？</span></p><p><br></p><p><span style=\"font-size: 14px;\">1. 减缓运动速度和动作幅度；</span></p><p><br></p><p><span style=\"font-size: 14px;\">2. 按住疼痛部位深呼吸；</span></p><p><br></p><p><span style=\"font-size: 14px;\">3. 调整呼吸与动作的节奏；</span></p><p><br></p><p><span style=\"font-size: 14px;\">4. 弯腰慢跑一段距离，疼痛一般就会消失。</span></p><p><br></p><p><span style=\"font-size: 14px;\">如果上述步骤进行后，疼痛没有消失或者出现加剧的现象，应停止运动求医治疗。</span></p><p><br></p><p><span style=\"font-size: 14px;\"><strong>小贴士：</strong></span></p><p><br></p><p><span style=\"font-size: 14px;\">尽管岔气是个小病，不过出现这些情况时一定要引起重视：</span></p><p><br></p><p><span style=\"font-size: 14px;\"><strong>1. 岔气所引起的疼痛放射到了肩部，尤其是左肩，这可能是心脏病发作的征兆；</strong></span></p><p><br></p><p><span style=\"font-size: 14px;\"><strong>2. 岔气如果表现为持续性的，那就要小心肠道血管的病变。</strong></span></p><p><br></p><p><span style=\"font-size: 14px;\">如果遇到这些情况，请及时就医。</span></p><p><br></p><p><br></p><p><span style=\"color: rgb(153, 153, 153); font-size: 14px;\">参考资料：</span></p><p><br></p><p><span style=\"color: rgb(153, 153, 153); font-size: 14px;\">[1] https://dxy.com/column/3675</span></p>',NULL,123,'2025-02-22 21:34:15','2025-03-01 16:47:29'),(5,1,'跌倒摔伤','<h1 style=\"text-align: start; line-height: 1.5;\">跌倒摔伤了，该怎么办？</h1><p><img src=\"/upload/3e8a6e12-7472-4966-84d2-2393d52ef5319008700291687735979.png\" alt=\"\" data-href=\"\" style=\"\"/></p><h2><span style=\"font-size: 14px;\">跌倒会对身体造成哪些伤害？</span></h2><p><br></p><p><span style=\"font-size: 14px;\">跌倒对身体造成的伤害可轻可重，轻时的可能只是皮肤擦伤，而严重的跌倒可能造成骨折、脑出血。</span></p><p><br></p><p><span style=\"font-size: 14px;\">老年人由于身体原因，相较于其他人群更容易跌倒，跌倒后也更容易发生严重伤害。</span></p><p><br></p><h2><span style=\"font-size: 14px;\">跌倒摔伤了，怎么办？</span></h2><p><br></p><p><span style=\"font-size: 14px;\"><strong>1. 自己跌倒了</strong></span></p><p><br></p><p><span style=\"font-size: 14px;\">（1）切勿惊慌，先趴在地板上求助他人。</span></p><p><br></p><p><span style=\"font-size: 14px;\">（2）如独自在家，身体缓慢活动以评估自己是否受伤。</span></p><p><br></p><p><span style=\"font-size: 14px;\">（3）如能活动，缓慢爬到最近的墙壁、沙发或椅子边，试图搀扶并站起来。</span></p><p><br></p><p><span style=\"font-size: 14px;\">（4）如不能活动或爬行，尽快想办法联系家人、邻居或 120。</span></p><p><br></p><p><span style=\"font-size: 14px;\"><strong>2. 发现别人跌倒了</strong></span></p><p><br></p><p><span style=\"font-size: 14px;\">跌倒后可能出现的较为严重的情况就是骨折和颅内出血。因此需要注意观察：</span></p><p><br></p><p><span style=\"font-size: 14px;\">（1）四肢是否出现疼痛、不能运动或者变形等；</span></p><p><br></p><p><span style=\"font-size: 14px;\">（2）观察其意识是否清醒、脸色是否正常（有无发青或苍白）、是否有呕吐等。</span></p><p><br></p><p><span style=\"font-size: 14px;\">出现上述任何一个情况时应及时送医院急诊科。</span></p><p><br></p><h2><span style=\"font-size: 14px;\">如何预防跌倒？</span></h2><p><br></p><p><span style=\"font-size: 14px;\">跌倒后最常见的严重伤害是骨折，尤其是髋部骨折，骨折后如果不经手术治疗，就只能长时间躺床上，最终常因为护理不周导致皮肤溃烂、肺炎、血栓等离世。因此「预防」比「怎么办」更为重要。</span></p><p><br></p><p><span style=\"font-size: 14px;\"><strong>1. 了解健康状况和用药情况</strong></span></p><p><br></p><p><span style=\"font-size: 14px;\">（1）每年至少接受一次眼科检查和心血管检查。</span></p><p><br></p><p><span style=\"font-size: 14px;\">（2）饮食中保证足够的钙和维生素 D。</span></p><p><br></p><p><span style=\"font-size: 14px;\">（3）戒烟。</span></p><p><br></p><p><span style=\"font-size: 14px;\">（4）避免过量饮酒。</span></p><p><br></p><p><span style=\"font-size: 14px;\">（5）注意查看药物说明书，很多药物会引起疲乏或改变精神状态，从而大大增加跌倒的风险。</span></p><p><br></p><p><span style=\"font-size: 14px;\"><strong>2. 锻炼</strong></span></p><p><br></p><p><span style=\"font-size: 14px;\">（1）根据具体情况制定合适、有效的锻炼计划。</span></p><p><br></p><p><span style=\"font-size: 14px;\">（2）如果身体条件允许，参加一些能够增加敏捷、力量、平衡、协调的锻炼活动，如散步、跳舞及适当力量训练，可帮助改善骨骼强度、减缓骨质疏松症进程。</span></p><p><br></p><p><span style=\"font-size: 14px;\">（3）多与同龄人沟通交流，分享各自的锻炼计划，提高健康水平和生活质量。</span></p><p><br></p><p><span style=\"font-size: 14px;\"><strong>3. 选择适合鞋子</strong></span></p><p><br></p><p><span style=\"font-size: 14px;\">尽量选择防滑的、不用系鞋带的鞋子，穿旧或穿变形的鞋子要及时更换。</span></p>',NULL,123,'2025-02-23 03:36:35','2025-03-01 16:48:49'),(7,1,'脚踝扭伤','<h1 style=\"text-align: start; line-height: 1.5;\">扭伤了，该怎么办？</h1><p><br></p><p><img src=\"/upload/d09a3b61-bae6-4a05-8dc6-d1285706aedc6096387729629031518.png\" alt=\"\" data-href=\"\" style=\"\"/></p><h2><span style=\"font-size: 14px;\">扭伤后有什么表现？</span></h2><p><br></p><p><span style=\"font-size: 14px;\">脚踝是最容易扭伤的部位，扭伤后，受伤部位周围的肌肉会感觉疼痛且难以活动，关节处可能会肿胀，皮肤表面产生淤血，不能负重行走，用手按压受伤部位会非常疼痛。</span></p><p><br></p><h2><span style=\"font-size: 14px;\">扭伤了该怎么办？</span></h2><p><br></p><p><span style=\"font-size: 14px;\"><strong>1. 停止走动</strong></span></p><p><br></p><p><span style=\"font-size: 14px;\">扭伤后，应立即停止运动，若继续运动或行走可能会加重损伤。</span></p><p><br></p><p><span style=\"font-size: 14px;\"><strong>2. 冰敷</strong></span></p><p><br></p><p><span style=\"font-size: 14px;\">扭伤后的 48 小时内，可用毛巾包裹冰袋或用冰镇矿泉水冰敷扭伤的位置，能减轻因扭伤导致的炎症肿胀，同时也能减轻疼痛。</span></p><p><br></p><p><span style=\"font-size: 14px;\">绝对不要热敷！</span></p><p><br></p><p><span style=\"font-size: 14px;\">冰敷次数的建议：受伤后第一天，每小时冰敷 1 次，每次 20 分钟；第二天，共冰敷 3～4 次，每次 20 分钟。</span></p><p><br></p><p><span style=\"font-size: 14px;\"><strong>3. 抬高患处</strong></span></p><p><br></p><p><span style=\"font-size: 14px;\">如果是不太严重的外侧踝关节扭伤，平卧休息的时候可以在受伤的脚下垫一个枕头，让脚踝高于心脏平面，缓解充血和肿胀。</span></p><p><br></p><p><span style=\"font-size: 14px;\"><strong>4. 服用止痛药</strong></span></p><p><br></p><p><span style=\"font-size: 14px;\">如果非常疼痛，影响生活质量，可咨询医生或药师使用止痛药。</span></p><p><br></p><p><span style=\"font-size: 14px;\"><strong>5. 必要时尽快就医</strong></span></p><p><br></p><p><span style=\"font-size: 14px;\">严重的扭伤可能导致骨折，需要医生来处理。自行处理可能导致骨折愈合不良，影响脚踝的运动功能。</span></p><p><br></p><p><span style=\"font-size: 14px;\">出现下列任一情况时，更应及时去看医生：</span></p><p><br></p><p><span style=\"font-size: 14px;\">（1）完全不能动，一动就特别疼</span></p><p><br></p><p><span style=\"font-size: 14px;\">（2）冰敷、休息后疼痛无好转</span></p><p><br></p><p><span style=\"font-size: 14px;\">（3）受伤部位变成紫青色、麻木没有知觉或是有刺痛感</span></p><p><br></p><p><span style=\"font-size: 14px;\">（4）同一个部位总是扭伤，可能是韧带愈合不良，也要去医院重新做恢复治疗</span></p><p><br></p><h2><span style=\"font-size: 14px;\">如何预防扭伤？</span></h2><p><br></p><ol><li><span style=\"font-size: 14px;\">选择一双合脚的鞋。</span></li><li><span style=\"font-size: 14px;\">平时多进行户外活动，增强体质，加强肌肉力量。</span></li><li><span style=\"font-size: 14px;\">尝试做一些加强平衡能力的运动，比如瑜伽。</span></li><li><span style=\"font-size: 14px;\">下台阶或体育活动时，多注意安全。</span></li><li><span style=\"font-size: 14px;\">从事强度略高的体育活动，如球类运动时，要做好热身运动，佩戴护踝。</span></li><li></li></ol><p><span style=\"font-size: 14px;\"><br></span></p>',NULL,123,'2025-02-23 03:36:35','2025-03-01 16:49:59'),(10,2,'溺水','<h1 style=\"text-align: start; line-height: 1.5;\">溺水了，该怎么办？</h1><p><br></p><p><img src=\"/upload/8d922a17-316a-4da3-893d-ca7ac3c48f3e4013145624645866663.png\" alt=\"\" data-href=\"\" style=\"\"/></p><h2><span style=\"font-size: 14px;\">溺水后会有什么表现？</span></h2><p><br></p><p><span style=\"font-size: 14px;\">溺水后，轻者可表现为面部青紫、肿胀，嘴唇苍白，双眼充血，口鼻孔处充满泡沫，肢体冰冷，呼吸微弱或呼吸困难，甚至抽搐；重者可能瞳孔散大、呼吸心跳停止、没有任何反应。</span></p><p><br></p><h2><span style=\"font-size: 14px;\">溺水了，怎么办？</span></h2><p><br></p><p><span style=\"font-size: 14px;\"><strong>1. 立即拨打 120</strong></span></p><p><br></p><p><span style=\"font-size: 14px;\">发现溺水后，立即拨打 120 急救电话，在等待救援的同时施救。</span></p><p><br></p><p><span style=\"font-size: 14px;\"><strong>2. 保证自身安全的情况下施救</strong></span></p><p><br></p><p><span style=\"font-size: 14px;\">会游泳不代表会水中救援，不要盲目施救。</span></p><p><br></p><ul><li><span style=\"font-size: 14px;\">如果环境危险，先拨打 119 求救；</span></li><li></li><li><span style=\"font-size: 14px;\">尽量利用绳索、救生设施进行岸上救援；</span></li><li></li><li><span style=\"font-size: 14px;\">尽量多人一起施救，避免单兵作战。</span></li><li></li></ul><p><span style=\"font-size: 14px;\"><strong>3. 简单处理，等待救援</strong></span></p><p><br></p><p><span style=\"font-size: 14px;\">如何处理视溺水者的具体状况而定，如果不确定自己能否正确施救，不要贸然对溺水者展开急救，以免造成二次伤害。不要采用任何的「控水」方法。</span></p><p><br></p><p><span style=\"font-size: 14px;\"><strong>（1）清醒，有呼吸和脉搏</strong></span></p><p><br></p><p><span style=\"font-size: 14px;\">呼叫 120 后，陪在溺水者身边，有条件时可以换上干衣服，裹上毯子，注意保暖，然后等待救援人员。</span></p><p><br></p><p><span style=\"font-size: 14px;\"><strong>（2）昏迷（呼叫无反应），有呼吸有脉搏</strong></span></p><p><br></p><p><span style=\"font-size: 14px;\">清理溺水者口鼻中的异物，并使其保持在侧卧位，等待救援人员。等待过程要密切观察呼吸和脉搏情况，必要时进行心肺复苏。</span></p><p><br></p><p><span style=\"font-size: 14px;\"><strong>（3）昏迷，无呼吸有脉搏</strong></span></p><p><br></p><p><span style=\"font-size: 14px;\">类似假死状态，无呼吸，脉搏微弱濒临停止，此时应清理溺水者口中的异物，进行人工呼吸，脉搏心跳即可迅速增强。恢复呼吸后，保持侧卧位，注意保暖，等待急救人员的到来。</span></p><p><br></p><p><span style=\"font-size: 14px;\"><strong>（4）昏迷，无呼吸无脉搏</strong></span></p><p><br></p><p><span style=\"font-size: 14px;\">立刻清理口鼻异物，保持呼吸道通畅，按先人工呼吸、后胸外按压的顺序进行心肺复苏，并持续至患者呼吸脉搏恢复或急救人员到达。</span></p>',NULL,123,'2025-02-23 03:36:35','2025-03-01 16:51:42'),(11,2,'中暑','<h1 style=\"text-align: start; line-height: 1.5;\">中暑了，该怎么办？</h1><p><br></p><div data-w-e-type=\"video\" data-w-e-is-void>\n<video poster=\"https://img1.dxycdn.com/2020/0611/562/3418502150404891139-22.png\" controls=\"true\" width=\"auto\" height=\"auto\"><source src=\"https://1252348435.vod2.myqcloud.com/deb92324vodgzp1252348435/1668843f5285890804030044671/b0d1hxgqZFYA.mp4\" type=\"video/mp4\"/></video>\n</div><h2><span style=\"font-size: 14px;\">中暑了有什么表现？</span></h2><p><br></p><p><span style=\"font-size: 14px;\">中暑按照症状的严重程度，一般来讲可分三个等级：</span></p><p><br></p><ol><li><span style=\"font-size: 14px;\"><strong>先兆中暑：</strong></span><span style=\"font-size: 14px;\">眩晕、神志恍惚，感受上有点类似久蹲后忽然起立时眼前一黑的体验。同时还可能发生肌肉抽筋并伴随疼痛。</span></li><li></li><li><span style=\"font-size: 14px;\"><strong>轻症中暑：</strong></span><span style=\"font-size: 14px;\">出现较为强烈的头痛、恶心、呕吐、面色潮红、挥汗如雨、浑身倦怠绵软无力等症状，甚至轻度意识障碍，神情看上去总觉得哪里不对，有些异样。</span></li><li></li><li><span style=\"font-size: 14px;\"><strong>重症中暑：</strong></span><span style=\"font-size: 14px;\">除了轻度中暑症状更严重外，还会出现意识障碍、抽搐痉挛、手脚运动障碍；也可能发生体温高达 40℃ 甚至以上的爆发性高热。</span></li><li></li></ol><h2><span style=\"font-size: 14px;\">中暑了怎么办？</span></h2><p><br></p><p><span style=\"font-size: 14px;\">针对上述不同的中暑症状，处理措施如下：</span></p><p><br></p><ol><li><span style=\"font-size: 14px;\"><strong>先兆中暑：</strong></span><span style=\"font-size: 14px;\">立即转移到遮阴处（譬如树荫下）休息，最好是凉爽通风、开着冷空调的室内环境。同时补充适量水分（注意不要狂饮），盐汽水是不错的选择。最好有人陪伴，以防出现紧急情况需要送往医院。</span></li><li></li><li><span style=\"font-size: 14px;\"><strong>轻症中暑：</strong></span><span style=\"font-size: 14px;\">转移到阴凉处或是通风凉爽的室内，适量补充水；如果已经出现轻度意识障碍，他人应立即将其送往医院。</span></li><li></li><li><span style=\"font-size: 14px;\"><strong>重症中暑（热射病）：</strong></span><span style=\"font-size: 14px;\">必须第一时间呼叫救护车，火速送往医院抢救。等待救护车来临之前，要以最快速度将患者体温降到正常体温，此时最好能做以下几件事：</span></li><li></li></ol><p><span style=\"font-size: 14px;\">设法将其转移到通风状况良好的遮阴处，以开着冷空调的室内环境为最佳。</span></p><p><br></p><p><span style=\"font-size: 14px;\">把病人的衣服尽量多地脱掉，帮助其身体迅速散热。尤其要注意把着装上与身体紧绷的部分，譬如领带或者腰带松解掉。内衣裤予以宽松，改善通风状况。</span></p><p><br></p><p><span style=\"font-size: 14px;\">脱去衣服后，向裸露的皮肤上适当洒一些水、擦拭皮肤，再以电风扇甚至手摇扇为其降温。</span></p><p><br></p><p><span style=\"font-size: 14px;\">如果现场能够找到冰袋（或用冰镇矿泉水代替），用毛巾或者衣物缠裹冰袋，避免直接接触皮肤，然后将其分别置于患者额头、后脑勺、胸前、手肘窝以及大腿根部等处，迅速为这些部位的皮下血液降温。</span></p><p><br></p><h2><span style=\"font-size: 14px;\">如何预防中暑？</span></h2><p><br></p><p><span style=\"font-size: 14px;\"><strong>1. 采取适当的防暑降温措施</strong></span></p><p><br></p><p><span style=\"font-size: 14px;\">不要为了省电不开空调，但也不要将空调温度调至过低（不要低于 24 ℃）。空调出风口不要直接对着人猛吹，可以在地板上放一架小型电风扇来促进室内空气对流。</span></p><p><br></p><p><span style=\"font-size: 14px;\"><strong>2. 不断提醒自己补充水分</strong></span></p><p><br></p><p><span style=\"font-size: 14px;\">每次少喝一点、多喝几次、不要等到口渴了再喝。</span></p><p><br></p><p><span style=\"font-size: 14px;\">工作和运动造成大量出汗时，可以考虑饮用盐汽水或者其他运动饮料，但也不要一次喝太多。</span></p>',NULL,123,'2025-02-23 03:36:35','2025-03-01 16:53:22'),(12,2,'晒伤','<h1 style=\"text-align: start; line-height: 1.5;\">晒伤了，怎么办？</h1><h2><span style=\"font-size: 14px;\">一、晒伤有什么症状？</span></h2><p><br></p><p><span style=\"font-size: 14px;\">晒伤后皮肤会开始慢慢变红，捎带一点点痒的感觉。</span></p><p><br></p><p><span style=\"font-size: 14px;\">严重的还会出现皮肤红肿、蜕皮、起水疱（手感还真不一样了）；刺痒或灼痛；头痛、头晕、恶心；甚至发烧寒颤、脱水等情况。</span></p><p><br></p><p><span style=\"font-size: 14px;\">数日后皮肤持续变黑，可延至数周。</span></p><p><br></p><h2><span style=\"font-size: 14px;\">二、晒伤了，应该怎么办？</span></h2><p><br></p><p><span style=\"font-size: 14px;\"><strong>1. 只是有点儿红，自己处理</strong></span></p><p><br></p><p><span style=\"font-size: 14px;\">如果晒伤的皮肤只是有点儿红，一般会自行消退，可以自己简单处理一下：用生理盐水或白开水沾湿纱布（水温可以低一点），敷在晒伤的皮肤上，每次敷 20 分钟左右。</span></p><p><br></p><p><span style=\"font-size: 14px;\"><strong>2. 严重晒伤，也有一些简单的处理方式</strong></span></p><p><br></p><p><span style=\"font-size: 14px;\">（1）如果当时就有晒伤反应了，赶快离开太阳直射的地方，找到阴凉处后进行后续处理；</span></p><p><br></p><p><span style=\"font-size: 14px;\">（2）有条件的话，泡个凉水澡或淋浴（水流要小），让水保持微温，注意不要用冰水，不要冷到牙齿都打颤，一般进行 10～20 分钟；洗完让皮肤自然风干，或者用毛巾轻轻拍干，不要来回擦；还可以进行冷敷，用冷水弄湿毛巾，敷在晒伤处 20～30 分钟；</span></p><p><br></p><p><span style=\"font-size: 14px;\">（3）未来几天内多喝水；</span></p><p><br></p><p><span style=\"font-size: 14px;\">（4）如果皮肤感觉像针扎一样的痛，可以服用布洛芬或对乙酰氨基酚（常说的「扑热息痛」）缓解；</span></p><p><br></p><p><span style=\"font-size: 14px;\">（5）芦荟胶等也有一定的减轻晒伤反应的效果；</span></p><p><br></p><p><span style=\"font-size: 14px;\">（6）选择宽松、棉质的衣服，让皮肤透透气。</span></p><p><br></p><p><span style=\"font-size: 14px;\"><strong>3. 如果出现下述表现，建议尽快去医院</strong></span></p><p><br></p><p><span style=\"font-size: 14px;\">如果晒伤的皮肤出现大水疱、感觉特别疼、皮肤肿胀、有发烧寒颤的情况、感到恶心反胃、头痛、头晕，甚至意识模糊等，尽快到医院就诊。</span></p><p><br></p><h2><span style=\"font-size: 14px;\">三、两种特殊情况</span></h2><p><br></p><p><span style=\"font-size: 14px;\">除了一般晒伤情况外，还有两种较为特殊的情况。</span></p><p><br></p><p><span style=\"font-size: 14px;\"><strong>1. 多形性日光疹（PMLE）</strong></span></p><p><br></p><p><span style=\"font-size: 14px;\">既往很少经历阳光暴晒的人忽然被暴晒时，即容易发生 PMLE，它并非由疾病或药物引起。</span></p><p><br></p><p><span style=\"font-size: 14px;\">这种情况下，晒伤的皮肤会在被暴晒后的几个小时内，出现严重的皮疹。疹子会发痒，且被晒伤部分会冒出小丘疹和密集的水肿性红斑。</span></p><p><br></p><p><span style=\"font-size: 14px;\">如何治疗 PMLE 取决于其严重程度。轻者不需要特殊处理，皮疹会在 7～10 天内自行消退。平时注意防晒、避免再次晒伤等。严重者需要到医院处理。</span></p><p><br></p><p><span style=\"font-size: 14px;\"><strong>2. 日晒荨麻疹</strong></span></p><p><br></p><p><span style=\"font-size: 14px;\">太阳晒后几分钟内皮肤就会出现痒、红、皮肤肿胀、哮喘、头晕、意识丧失等状况。</span></p><p><br></p><p><span style=\"font-size: 14px;\">尽管皮疹会在几小时内消退，但症状在几年内仍会反反复复，需要在医生的指导下进行治疗。</span></p><p><br></p><p><br></p><p><span style=\"color: rgb(153, 153, 153); font-size: 14px;\">参考资料：</span></p><p><br></p><p><span style=\"color: rgb(153, 153, 153); font-size: 14px;\">[1] https://dxy.com/column/6624</span></p>',NULL,123,'2025-02-23 03:36:35','2025-03-01 17:03:09'),(18,3,'中风','<p><br></p><h1 style=\"text-align: start; line-height: 1.5;\">中风了，该怎么办？</h1><p><img src=\"/upload/f9bbef33-9076-4c71-97c8-f5889f2b0ec99191857520151618369.png\" alt=\"\" data-href=\"\" style=\"\"/></p><h2><span style=\"font-size: 14px;\">中风发生后会有什么表现？</span></h2><p><br></p><p><span style=\"font-size: 14px;\">出现下面情况时，很可能就是发生脑中风了：</span></p><p><br></p><p><span style=\"font-size: 14px;\">（1）肢体麻木，活动不灵活；</span></p><p><br></p><p><span style=\"font-size: 14px;\">（2）口角向一侧歪斜；</span></p><p><br></p><p><span style=\"font-size: 14px;\">（3）突然出现的反应能力下降；</span></p><p><br></p><p><span style=\"font-size: 14px;\">（4）血压忽高忽低；</span></p><p><br></p><p><span style=\"font-size: 14px;\">（5）阵发性的头痛和头晕，并越来越剧烈；</span></p><p><br></p><p><span style=\"font-size: 14px;\">（6）间断出现瘫痪或口不能言；</span></p><p><br></p><p><span style=\"font-size: 14px;\">（7）昏睡，不能唤醒，或呼之不应。</span></p><p><br></p><p><span style=\"font-size: 14px;\">除了这些可能的中风先兆，有些病人还会出现剧烈如喷射般的呕吐、全身抽搐、大小便失禁等症状。</span></p><p><br></p><h2><span style=\"font-size: 14px;\">突然发生脑中风了该怎么办？</span></h2><p><br></p><p><span style=\"font-size: 14px;\"><strong>立刻送医院或拨打 120</strong></span></p><p><br></p><p><span style=\"font-size: 14px;\">如果发现身边有人出现以上症状，怀疑脑中风了，一定要马上送医院或者拨打 120。发病到接受治疗的时间越短，治疗的效果越好。</span></p><p><br></p><h2><span style=\"font-size: 14px;\">如何预防中风？</span></h2><p><br></p><p><span style=\"font-size: 14px;\"><strong>1. 健康的生活方式</strong></span></p><p><br></p><p><span style=\"font-size: 14px;\">（1）饮食上，注意低脂、低盐，多吃水果、蔬菜。</span></p><p><br></p><p><span style=\"font-size: 14px;\">（2）抽烟、喝酒的人容易发生中风，戒烟酒能降低患中风的可能。</span></p><p><br></p><p><span style=\"font-size: 14px;\">（3）控制体重：肥胖会增加患高血压、糖尿病、高血脂的风险，同时也会增加发生中风的可能。</span></p><p><br></p><p><span style=\"font-size: 14px;\">（4）坚持运动：坚持每天运动半小时。</span></p><p><br></p><p><span style=\"font-size: 14px;\"><strong>2. 定期体检</strong></span></p><p><br></p><p><span style=\"font-size: 14px;\">定期体检能提前发现危险因素，在中风发生前，及时控制危险情况。</span></p><p><br></p><p><span style=\"font-size: 14px;\"><strong>3. 控制好已有疾病</strong></span></p><p><br></p><p><span style=\"font-size: 14px;\">患有高血压、高血脂、糖尿病、心脏病（心房颤动）、动脉粥样硬化的人，更容易发生脑中风。对于这些人，控制好已有的疾病是预防的关键。</span></p><p><br></p><p><br></p><p><span style=\"color: rgb(153, 153, 153); font-size: 14px;\">参考资料：</span></p><p><br></p><p><span style=\"color: rgb(153, 153, 153); font-size: 14px;\">[1] http://www.rorc.research.va.gov/rescue/stroke-information/about-stroke.cfm#lower-risks</span></p><p><br></p><p><span style=\"color: rgb(153, 153, 153); font-size: 14px;\">[2] http://dxy.com/column/4239</span></p>','',0,'2025-02-25 10:01:32','2025-03-01 14:26:22'),(19,3,'晕厥','<h1 style=\"text-align: start; line-height: 1.5;\">晕倒了，该怎么办？</h1><p><img src=\"/upload/c3766344-81f7-4cce-bc9a-95b1f5d619dd7924592433394589568.png\" alt=\"\" data-href=\"\" style=\"\"/></p><h2><span style=\"font-size: 14px;\">晕倒前有什么表现？</span></h2><p><br></p><p><span style=\"font-size: 14px;\">晕倒，医学上往往称为「晕厥」，通常是因为短暂的意识丧失造成的。晕倒前常会感到头晕、眼花、恶心、出汗等。晕倒的人还可能出现手脚皮肤发凉。</span></p><p><br></p><p><span style=\"font-size: 14px;\">大多数人晕倒后，很快就能自己清醒过来；但一些人晕倒是因为严重的心脏疾病，此时需要立即送医院进行治疗。[1]</span></p><p><br></p><h2><span style=\"font-size: 14px;\">晕倒了该怎么办？</span></h2><p><br></p><p><span style=\"font-size: 14px;\"><strong>1. 自己要晕倒了</strong></span></p><p><br></p><p><span style=\"font-size: 14px;\">当感觉头晕、眼花，快晕倒时：</span></p><p><br></p><p><span style=\"font-size: 14px;\"><strong>（1）躺下或坐下</strong></span></p><p><br></p><p><span style=\"font-size: 14px;\">感觉快晕倒时，应尽量坐下或躺下，避免因晕倒导致摔伤。坐下或躺下后，多休息一会，避免起立时再次出现头晕。</span></p><p><br></p><p><span style=\"font-size: 14px;\"><strong>（2）把头放在两膝之间</strong></span></p><p><br></p><p><span style=\"font-size: 14px;\">如果你是坐着的，感觉头晕时，可以把头埋在两膝之间，避免摔倒。</span></p><p><br></p><p><span style=\"font-size: 14px;\"><strong>2. 发现别人晕倒了</strong></span></p><p><br></p><p><span style=\"font-size: 14px;\">首先检查晕倒的人是否有呼吸、脉搏。</span></p><p><br></p><p><span style=\"font-size: 14px;\"><strong>（1）如果有呼吸、脉搏</strong></span></p><p><br></p><p><span style=\"font-size: 14px;\">使其平躺并松解腰带、紧身衣物，同时尽可能抬高双下肢，以保证大脑等重要器官的血液供应。1 分钟后还没有苏醒的话，应及时拨打 120 或送医院。</span></p><p><br></p><p><span style=\"font-size: 14px;\"><strong>（2）如果没有呼吸、脉搏</strong></span></p><p><br></p><p><span style=\"font-size: 14px;\">立即拨打 120，并进行心脏按压、人工呼吸，直到急救人员到来。</span></p><p><br></p><p><span style=\"font-size: 14px;\">如果晕倒的人有明显的外伤、出血，应注意及时止血。[2]</span></p><p><br></p><p><span style=\"font-size: 14px;\">如果出现以下情况，需要特别注意，应当去医院就诊：[3]</span></p><p><br></p><ul><li><span style=\"font-size: 14px;\">第一次出现晕倒，或者晕倒反复出现；</span></li><li><span style=\"font-size: 14px;\">晕倒导致了受伤；</span></li><li><span style=\"font-size: 14px;\">贫血、糖尿病、心脏病患者，或者孕妇出现晕倒；</span></li><li><span style=\"font-size: 14px;\">在丧失意识前，有胸闷、心律不齐或者心跳剧烈等症状；</span></li><li><span style=\"font-size: 14px;\">有大小便失禁的情况；</span></li><li><span style=\"font-size: 14px;\">意识丧失的时间长达数分钟及以上。</span></li><li></li></ul><h2><span style=\"font-size: 14px;\">如何预防晕倒？</span></h2><p><br></p><p><span style=\"font-size: 14px;\"><strong>1. 生活上注意</strong></span></p><p><br></p><p><span style=\"font-size: 14px;\">「良性」的晕倒只需注意生活细节即可。</span></p><p><br></p><p><span style=\"font-size: 14px;\">（1）避免长时间站立，或长时间坐卧后突然站起</span></p><p><br></p><p><span style=\"font-size: 14px;\">长时间站立会引起全身血液重新分布，突然站起可能导致瞬间的低血压（体位性低血压），这都会让大脑供血不足，从而出现晕倒。</span></p><p><br></p><p><span style=\"font-size: 14px;\"><strong>（2）多饮水 [4]</strong></span></p><p><br></p><p><span style=\"font-size: 14px;\">运动或炎热都可能导致体内水分丢失。运动时或炎热天气应注意多饮水。</span></p><p><br></p><p><span style=\"font-size: 14px;\"><strong>（3）定时定量吃饭，保证营养</strong></span></p><p><br></p><p><span style=\"font-size: 14px;\">预防贫血和低血糖。</span></p><p><br></p><p><span style=\"font-size: 14px;\"><strong>2. 定期体检，发现潜在的疾病</strong></span></p><p><br></p><p><span style=\"font-size: 14px;\">中老年人，应注意体检，发现潜在的心脏疾病等，尽早治疗、预防，避免晕倒造成严重的伤害。</span></p><p><br></p><p><br></p><p><span style=\"color: rgb(153, 153, 153); font-size: 14px;\">参考资料：</span></p><p><br></p><p><span style=\"color: rgb(153, 153, 153); font-size: 14px;\">[1] http://www.nlm.nih.gov/medlineplus/fainting.html</span></p><p><br></p><p><span style=\"color: rgb(153, 153, 153); font-size: 14px;\">[2] http://www.mayoclinic.org/first-aid/first-aid-fainting/basics/ART-20056606?p=1</span></p><p><br></p><p><span style=\"color: rgb(153, 153, 153); font-size: 14px;\">[3] http://dxy.com/column/3788</span></p><p><br></p><p><span style=\"color: rgb(153, 153, 153); font-size: 14px;\">[4] http://kidshealth.org/parent/firstaid_safe/sheets/fainting_sheet.html</span></p><p><span style=\"color: rgb(153, 153, 153); font-size: 14px;\"><br></span></p>','',0,'2025-02-25 10:01:44','2025-03-01 14:31:16'),(20,3,'心肌梗死','<h1 style=\"text-align: start; line-height: 1.5;\">心肌梗死了，怎么办？</h1><p><img src=\"/upload/2073cd32-1d69-4eb8-9def-aedb9511547f4412638913624033063.png\" alt=\"\" data-href=\"\" style=\"width: 775.00px;height: 378.49px;\"/></p><h2><span style=\"font-size: 14px;\">心肌梗死时有什么表现？</span></h2><p><br></p><p><span style=\"font-size: 14px;\">1. 典型表现为胸痛。多数人表现为胸口剧烈、持续的疼痛，呼吸困难，更换姿势并不能缓解，常常会感到烦躁、恐惧，甚至会有自己快要不行的感觉。</span></p><p><br></p><p><span style=\"font-size: 14px;\">2. 不典型的表现可以有：胸闷，感觉胸口压了块石头，总想长出气；胃部不适，这种不适的感觉持续加重且范围扩大，有时还会有呕吐表现；感觉疲劳，头晕，出冷汗；不典型的疼痛，如牙痛、后背痛、手臂麻木等。</span></p><p><br></p><p><span style=\"font-size: 14px;\">3. 急性心肌梗死的症状一般会持续 30 分钟以上，含服硝酸甘油无法完全好转。超过 15 分钟的上述症状，需要引起高度重视。</span></p><p><br></p><h2><span style=\"font-size: 14px;\">心肌梗死了，怎么办？</span></h2><p><br></p><p><span style=\"font-size: 14px;\">急性心梗是患者自己无法处理且死亡率较高的危重急症，一定要尽早就诊，宁可搞错也不要漏过。不可轻信任何导致延误就医的偏方窍门。</span></p><p><br></p><p><span style=\"font-size: 14px;\"><strong>1. 及时呼救</strong></span></p><p><br></p><p><span style=\"font-size: 14px;\">如果出现了上述症状，第一时间向家人和周围的人求助，或直接拨打 120 急救电话。</span></p><p><br></p><p><span style=\"font-size: 14px;\"><strong>2. 控制情绪，减少活动</strong></span></p><p><br></p><p><span style=\"font-size: 14px;\">情绪激动和活动会增加心脏耗氧量，加重病情。此时，应控制紧张情绪，缓慢深呼吸，尽量卧床休息，并注意避免摔倒造成的意外伤害。</span></p><p><br></p><p><span style=\"font-size: 14px;\"><strong>3. 慎选药物</strong></span></p><p><br></p><p><span style=\"font-size: 14px;\">明确血压不低后，再使用硝酸甘油。如果没有测量血压的条件，自己感觉脉搏弱、伴有头晕、大汗的情况时，不要盲目服用硝酸甘油。也不要擅自服用阿司匹林。</span></p><p><br></p><p><span style=\"font-size: 14px;\"><strong>4. 吸氧</strong></span></p><p><br></p><p><span style=\"font-size: 14px;\">有呼吸困难的话，尽快吸氧，可以缓解症状。</span></p><p><br></p><p><span style=\"font-size: 14px;\"><strong>5. 其他</strong></span></p><p><br></p><p><span style=\"font-size: 14px;\">如果病人呼吸和心跳骤停，周围人员应尽快拨打 120，并立即进行心肺复苏，直到急救人员到达。</span></p><p><br></p><h2><span style=\"font-size: 14px;\">如何预防心肌梗死？</span></h2><p><br></p><ol><li><span style=\"font-size: 14px;\">戒烟，少喝酒。</span></li><li><span style=\"font-size: 14px;\">积极控制血压、血糖、血脂等，尤其是超过 55 岁的男性和超过 65 岁的女性；积极治疗冠心病。</span></li><li><span style=\"font-size: 14px;\">有心绞痛发作的病人，家中常备硝酸甘油，还可以准备血压计和吸氧设备。</span></li><li><span style=\"font-size: 14px;\">健康饮食，适量运动，平稳情绪。</span></li><li><span style=\"font-size: 14px;\">高风险人群可以把相关病历、检查报告、医保卡等放在一起，万一发病，可方便迅速取用。</span></li></ol><p><span style=\"font-size: 14px;\"><br></span></p>','',0,'2025-02-25 10:01:57','2025-03-01 14:31:06'),(21,3,'心脏骤停','<h1 style=\"text-align: start; line-height: 1.5;\">心脏骤停，怎么办？</h1><div data-w-e-type=\"video\" data-w-e-is-void>\n<video poster=\"https://img1.dxycdn.com/2020/0330/461/3404939977271224406-22.png\" controls=\"true\" width=\"auto\" height=\"auto\"><source src=\"https://1252348435.vod2.myqcloud.com/92e0c5ccvodtransgzp1252348435/352b54105285890800645328297/v.f20.mp4\" type=\"video/mp4\"/></video>\n</div><h2><span style=\"font-size: 14px;\">一、识别心脏骤停</span></h2><p><br></p><p><span style=\"font-size: 14px;\">拍打患者双肩，在耳侧大声呼唤患者：</span></p><p><br></p><p><span style=\"font-size: 14px;\"><strong>如果没有反应</strong></span></p><p><br></p><p><span style=\"font-size: 14px;\">将头侧放在患者头部上方，耳朵位于患者面部上方，眼睛望向患者胸部，观察胸腹部是否起伏。</span></p><p><br></p><p><span style=\"font-size: 14px;\"><strong>如果没有起伏</strong></span></p><p><br></p><p><span style=\"font-size: 14px;\">进入下一步</span></p><p><br></p><h2><span style=\"font-size: 14px;\">二、呼叫急救系统</span></h2><p><br></p><p><span style=\"font-size: 14px;\">拨打 120，讲清所在位置，留出通道。</span></p><p><br></p><h2><span style=\"font-size: 14px;\">三、开始胸外按压</span></h2><p><br></p><p><span style=\"font-size: 14px;\">双手重叠，下面那只手的掌根置于胸骨下半段，按压位置约为剑突上两横指。交迭双手，垂直向下，快速用力按压 30 次，每分钟 100～120 次，每次 5～6 厘米。</span></p><p><br></p><h2><span style=\"font-size: 14px;\">四、进行开放气道</span></h2><p><br></p><ol><li><span style=\"font-size: 14px;\">将一只手置于患者额头</span></li><li><span style=\"font-size: 14px;\">用另一只手的食指和中指提起下颌的骨性结构</span></li><li><span style=\"font-size: 14px;\">嘴角与耳垂连线与地面垂直</span></li><li></li></ol><h2><span style=\"font-size: 14px;\">五、进行人工呼吸</span></h2><p><br></p><ol><li><span style=\"font-size: 14px;\">用手捏住患者鼻子；</span></li><li><span style=\"font-size: 14px;\">对患者的嘴巴吹气，持续大约 1 秒；</span></li><li><span style=\"font-size: 14px;\">见到患者胸腹部起伏后即可停止；</span></li><li><span style=\"font-size: 14px;\">进行 2 次人工呼吸，返回第三步，继续进行胸外按压。</span></li><li></li></ol><h2><span style=\"font-size: 14px;\">六、进行体外除颤</span></h2><p><br></p><p><span style=\"font-size: 14px;\">除颤可以终止多种无效的心脏跳动，是医生拯救心脏骤停患者时常用到的手段。目前一种名叫自动体外除颤器的设备，已经可供普通人使用。如果身边有自动体外除颤器，可以按如下步骤开始除颤：</span></p><p><br></p><ol><li><span style=\"font-size: 14px;\">除颤仪抵达后，将电极片置于患者身上；</span></li><li><span style=\"font-size: 14px;\">按下分析按钮，分析期间不要触碰患者；</span></li><li><span style=\"font-size: 14px;\">如果不建议除颤，返回第三步继续进行胸外压，如果建议除颤，离开患者，并按下电击按键；</span></li><li><span style=\"font-size: 14px;\">完成除颤后，重复步骤三-四-五，按次序进行，连续 5 个循环，再判断是否需要继续除颤</span></li></ol>','',0,'2025-02-25 10:02:19','2025-03-01 14:29:04'),(22,3,'高血压危象','<h1 style=\"text-align: start; line-height: 1.5;\">发生高血压危象了，该怎么办？</h1><p><img src=\"/upload/aaaf9cc9-aa19-4a66-a2bf-5c8b23d41ca62854303203773657114.png\" alt=\"\" data-href=\"\" style=\"width: 30%;\"/></p><h2><span style=\"font-size: 14px;\">发生高血压危象时有什么表现？</span></h2><p><br></p><p><span style=\"font-size: 14px;\">高血压危象说的是，7 天内血压急剧升高，血压超过 230 / 120 mmHg 或仅舒张压超过 120 mmHg。</span></p><p><br></p><p><span style=\"font-size: 14px;\">出现高血压危象时常有以下表现：</span></p><p><br></p><p><span style=\"font-size: 14px;\">（1）血压超过 230 / 120 mmHg 或仅舒张压超过 120 mmHg；</span></p><p><br></p><p><span style=\"font-size: 14px;\">（2）其他不舒服：明显头晕、头痛、恶心、呕吐、烦躁不安等，也可以出现看不清东西、抽搐、意识不清。</span></p><p><br></p><p><span style=\"font-size: 14px;\">发生高血压危象时，如果血压不能得到及时有效的控制，可能导致大脑、肾脏损伤，甚至出现主动脉夹层（身体的一根血管出现撕裂），严重的时候可直接导致死亡。</span></p><p><br></p><h2><span style=\"font-size: 14px;\">高血压危象该怎么办？</span></h2><p><br></p><p><span style=\"font-size: 14px;\">当突然出现头晕、头痛、看不清东西、恶心呕吐、心绞痛等症状，并且测血压超过 230 / 120 mmHg 或仅舒张压超过 120 mmHg 时，应按照下面处理：</span></p><p><br></p><p><span style=\"font-size: 14px;\">（1）如果平常规律服用降压药，当天可加倍服用平日所用降压药，然后立即去医院；</span></p><p><br></p><p><span style=\"font-size: 14px;\">（2）如果平常没有规律服用降压药，应立即按正常量服用平日所用降压药，然后立即去医院；</span></p><p><br></p><p><span style=\"font-size: 14px;\">（3）如果平常从未使用降压药，不建议自己服用降压药，应立即去医院。</span></p><p><br></p><p><span style=\"font-size: 14px;\">避免步行或跑去医院，应选择乘车，必要时可拨打 120。</span></p><p><br></p><h2><span style=\"font-size: 14px;\">如何预防高血压危象？</span></h2><p><br></p><p><span style=\"font-size: 14px;\"><strong>1. 重中之重——每天监测血压</strong></span></p><p><br></p><p><span style=\"font-size: 14px;\">养成每天自测血压的习惯，如方便的话最好在每天的固定时间测 3～4 次，并把所测血压全都记录下来，这对于医生调整药物剂量和种类非常关键。</span></p><p><br></p><p><span style=\"font-size: 14px;\"><strong>2. 坚持、规律服用降压药</strong></span></p><p><br></p><p><span style=\"font-size: 14px;\">避免随意换药、增药、减药、停药。一定要在心内科医生的指导下进行药物调整。</span></p><p><br></p><p><span style=\"font-size: 14px;\"><strong>3. 保持良好的生活习惯</strong></span></p><p><br></p><p><span style=\"font-size: 14px;\">（1）低盐低脂，清淡饮食。</span></p><p><br></p><p><span style=\"font-size: 14px;\">（2）早睡早起，避免熬夜、加班、过度饮酒等诱发因素。</span></p><p><br></p><p><span style=\"font-size: 14px;\">（3）避免寒冷刺激及环境突然改变。</span></p><p><br></p><p><span style=\"font-size: 14px;\">（4）避免情绪激动、过度兴奋、过度悲伤。</span></p><p><br></p><p><span style=\"font-size: 14px;\"><br></span></p>','',0,'2025-02-25 10:02:32','2025-03-01 14:29:50'),(25,4,'痛风发作','<h1 style=\"text-align: start; line-height: 1.5;\">痛风发作时，哪些药物可以止痛？</h1><p><img src=\"/upload/3686c1a0-4ed9-4b69-92e6-9e732ce7af3a8064084883208892733.png\" alt=\"\" data-href=\"\" style=\"\"/></p><p><span style=\"font-size: 14px;\">虽然急性痛风性关节炎多具自限性，即使不予治疗，一般在 1～2 周后也可缓解，但关节炎反复发作可导致关节畸形和痛风石形成，还可能转变为慢性痛风性关节炎，所以在痛风急性发作时应尽早进行治疗，用药越早，效果越好。</span></p><p><br></p><p><span style=\"font-size: 14px;\">痛风急性发作时的止痛药物主要有：</span></p><p><br></p><ul><li><span style=\"font-size: 14px;\">秋水仙碱</span></li><li><span style=\"font-size: 14px;\">非甾体类抗炎药</span></li><li><span style=\"font-size: 14px;\">糖皮质激素</span></li><li></li></ul><p><br></p><h2><span style=\"font-size: 14px;\">秋水仙碱的正确服用方法</span></h2><p><br></p><p><span style=\"font-size: 14px;\">痛风患者对于秋水仙碱一定不会陌生，它是治疗痛风的特效药物。但有很多患者在服用秋水仙碱后出现呕吐、腹泻等副作用，这多与用药剂量过大有关。</span></p><p><br></p><p><span style=\"font-size: 14px;\">以往秋水仙碱都是按每小时服用 0.5 mg 直到疼痛缓解或出现呕吐腹泻为止的大剂量疗法（首日总量不超过 6 mg），但研究发现，大剂量应用秋水仙碱和小剂量疗法的疗效相当，而小剂量组的腹泻等副作用则显著减少。</span></p><p><br></p><p><span style=\"font-size: 14px;\">因此目前主张副作用少而疗效并不降低的小剂量疗法：</span></p><p><br></p><p><span style=\"font-size: 14px;\"><strong>发作开始时服用 1.0 mg ，1 小时后再服用 0.5 mg；12 小时后，如有必要，可再服用 0.5 mg。</strong></span></p><p><br></p><p><span style=\"font-size: 14px;\"><strong>之后每日服用 0.5 mg 两次或三次，每日总量不超过 1.5 mg，直至疼痛症状缓解，通常不超过两周。</strong></span></p><p><br></p><p><span style=\"font-size: 14px;\">发病 24 小时内应用效果好，但肾功能不全的患者要遵医嘱调整剂量。</span></p><p><br></p><p><span style=\"font-size: 14px;\">此外，秋水仙碱与有些药物之间会互相影响，如果在服用秋水仙碱的同时还在使用其他药物，应先向医生咨询。</span></p><p><br></p><p><br></p><h2><span style=\"font-size: 14px;\"><strong>服用秋水仙碱的注意事项</strong></span></h2><p><br></p><ul><li><span style=\"font-size: 14px;\">如发生呕吐、腹泻等反应，应减小用量，严重者应立即停药；</span></li><li><span style=\"font-size: 14px;\">骨髓造血功能不全、严重心脏病、肾功能不全及胃肠道疾患者慎用；</span></li><li><span style=\"font-size: 14px;\">用药期间应定期检查血象及肝、肾功能；</span></li><li><span style=\"font-size: 14px;\">女性患者在服药期间及停药后六个月内，需要避孕。</span></li></ul><h2></h2><h2><span style=\"font-size: 14px;\"><strong>预防性使用秋水仙碱</strong></span></h2><p><br></p><p><span style=\"font-size: 14px;\">降尿酸治疗的过程中，常常会诱发痛风的发作。这已成为影响患者坚持降尿酸治疗的障碍，很多患者因此放弃降尿酸治疗。</span></p><p><br></p><p><span style=\"font-size: 14px;\">国际上多个国家的指南均就降尿酸治疗的过程中预防痛风发作的止痛治疗作出了规定：</span></p><p><span style=\"color: rgb(0, 0, 0); font-size: 14px;\">建议痛风降尿酸治疗前 2 周开始使用秋水仙碱，根据患者痛风发作的病程、频率、确定秋水仙碱的剂量，可以每日一次或两次，每次 0.5 mg。秋水仙碱需要和降尿酸治疗同时使用 6～12 个月。</span></p>','',0,'2025-02-25 10:03:38','2025-03-01 14:36:48'),(26,4,'哮喘发作','<h1 style=\"text-align: start; line-height: 1.5;\">哮喘发作，该怎么办？</h1><p><img src=\"/upload/91fa4a82-32f8-4722-85a5-d7bbb82e1b993037019596976841374.png\" alt=\"\" data-href=\"\" style=\"\"/></p><h2><span style=\"font-size: 14px;\">哮喘发作时有什么表现？<br></span></h2><p><br></p><p><span style=\"font-size: 14px;\">哮喘发作可急可缓，大多数会表现出焦虑、压抑或恐慌的情绪，呼吸短促、咳嗽、喘息，脸色苍白且出汗，嘴唇、耳垂和手指头会因缺氧而发紫，更严重时，患者会不省人事。</span></p><p><br></p><h2><span style=\"font-size: 14px;\">哮喘发作时该怎么办？<br></span></h2><p><br></p><p><span style=\"font-size: 14px;\">必须首先拨打 120 急救电话。</span></p><p><br></p><p><span style=\"font-size: 14px;\">等待救护车时，根据患者的情况，进行必要的急救措施。</span></p><p><br></p><ul><li><span style=\"font-size: 14px;\">病人意识不清楚时：</span></li><li></li><li></li></ul><ol><li><span style=\"font-size: 14px;\">确保患者处在安全、空气流通的地方；</span></li><li><span style=\"font-size: 14px;\">观察是否有反应；</span></li><li><span style=\"font-size: 14px;\">轻轻向上抬起病人的下巴，这样会帮助病人张开呼吸道；</span></li><li><span style=\"font-size: 14px;\">如果病人出现呼吸、心跳停止，立即进行心肺复苏；</span></li><li><span style=\"font-size: 14px;\">静待救护车到达。</span></li><li></li><li></li></ol><ul><li><span style=\"font-size: 14px;\">病人症状较轻、意识清楚时：</span></li><li></li><li></li></ul><ol><li><span style=\"font-size: 14px;\">确保病人处在安全、空气流通的地方；</span></li><li><span style=\"font-size: 14px;\">帮助病人保持舒适的姿势，比如坐着及前倾；</span></li><li><span style=\"font-size: 14px;\">安慰病人，告诉他慢慢深呼吸；</span></li><li><span style=\"font-size: 14px;\">哮喘病人一般会随身携带哮喘喷雾，其外观呈「L」型，可帮助病人找到，并且递给他使用。</span></li><li></li><li></li></ol><p><span style=\"font-size: 14px;\"><strong>注意：症状严重时，病人可能会不断吸入喷雾剂，但过量使用药物也可能危及生命，应当保持与 120 医生的电话联系，获得指导。</strong></span></p><p><br></p><h2><span style=\"font-size: 14px;\">怎么预防哮喘发作？<br></span></h2><p><br></p><p><span style=\"font-size: 14px;\">一旦确诊为哮喘，要有长期跟疾病战斗的准备。</span></p><p><br></p><p><span style=\"font-size: 14px;\"><strong>1. 避免诱因</strong></span></p><p><br></p><p><span style=\"font-size: 14px;\">长期控制避免哮喘发作是重中之重。每个哮喘病人的过敏原可能不完全相同，可以去医院通过过敏试验确定过敏原，牢记心中，在生活中回避这些因素。</span></p><p><br></p><p><span style=\"font-size: 14px;\">常见的诱发因素包括：含有过敏原的食物、过冷的饮品、动物皮毛、化学纤维、刺激性气味、尘螨、花粉、霉菌、空气污染物、化学刺激物等。</span></p><p><br></p><p><span style=\"font-size: 14px;\"><strong>2. 监测病情</strong></span></p><p><br></p><p><span style=\"font-size: 14px;\">要学会在家自行监测病情变化，坚持写哮喘日记，这可以帮助你判断在哪些时候或接触什么东西会增加哮喘发作的风险。</span></p><p><br></p><p><span style=\"font-size: 14px;\"><strong>3. 携带药物</strong></span></p><p><br></p><p><span style=\"font-size: 14px;\">生活中要按照医生意见坚持规律用药，同时应随身携带药物，一旦出现先兆，要提高警惕，发病时要知道简单的自我处理，掌握平喘药物的使用和吸入技术。</span></p><p><br></p><p><span style=\"font-size: 14px;\"><strong>4. 适当运动</strong></span></p><p><br></p><p><span style=\"font-size: 14px;\">可以选择恰当的运动，增强体质。得了哮喘后，不是不能运动，症状控制良好时，选择合适的运动项目反而会增强免疫力，减少发病。运动前，要做适当热身，开始前 15～20 分钟，应吸入哮喘药，预防运动性哮喘发作。</span></p>',NULL,0,'2025-02-25 19:31:43','2025-03-01 14:37:17'),(28,4,'急性腹泻','<h1 style=\"text-align: start; line-height: 1.5;\">腹泻了，该怎么办？</h1><p><img src=\"/upload/cee7e6e2-48c6-4829-82e8-28f6b37e67947901560102182129452.png\" alt=\"\" data-href=\"\" style=\"\"/></p><h2><span style=\"font-size: 14px;\">腹泻有什么表现？</span></h2><p><br></p><p><span style=\"font-size: 14px;\">每个人的排便次数不同，每天排便 3 次到每周排便 3 次都属于正常的。</span></p><p><br></p><p><span style=\"font-size: 14px;\">如果粪便稀薄甚至呈水状，并且每天排便次数超过 3 次，就是腹泻了。腹泻还可能伴有恶心、呕吐、腹痛、发热、脱水、大便带血等症状。</span></p><p><br></p><h2><span style=\"font-size: 14px;\">腹泻怎么办？</span></h2><p><br></p><p><span style=\"font-size: 14px;\">要根据腹泻的类型来处理。按照腹泻的持续时间，分为急性腹泻和慢性腹泻。</span></p><p><br></p><p><span style=\"font-size: 14px;\">慢性腹泻一般长于 4 周，通常是其他全身疾病的伴随症状，要治疗相关的疾病；急性腹泻时间一般不超过 2 周，可能是食物不洁、寄生虫感染、过敏、中毒或其他疾病引起的，多数可以自愈。</span></p><p><br></p><p><span style=\"font-size: 14px;\"><strong>1. 注意补水</strong></span></p><p><br></p><p><span style=\"font-size: 14px;\">脱水是腹泻最主要最常见的症状，要多饮水或多喝菜汤（注意少放油），或者补充口服补液盐。</span></p><p><br></p><p><span style=\"font-size: 14px;\"><strong>2. 不要盲目止泻</strong></span></p><p><br></p><p><span style=\"font-size: 14px;\">大部分的急性腹泻在不治疗的情况下也可以自行缓解，而腹泻可以说是机体的一种自我保护机制，可以排出感染肠道的病原体及其产生的有毒物。</span></p><p><br></p><p><span style=\"font-size: 14px;\">发生腹泻后不要盲目止泻，否则可能导致有毒物质不能及时排出体外，在肠道内积聚，甚至被吸收。</span></p><p><br></p><p><span style=\"font-size: 14px;\"><strong>3. 及时就诊</strong></span></p><p><br></p><ul><li><span style=\"font-size: 14px;\">以下情况要尽快去医院就诊：</span></li><li><span style=\"font-size: 14px;\">腹泻持续 2 天以上没有缓解；</span></li><li><span style=\"font-size: 14px;\">出现严重的脱水症状，如皮肤干燥、少尿或无尿、严重乏力、眩晕等；</span></li><li><span style=\"font-size: 14px;\">伴有严重腹痛或者直肠疼痛；</span></li><li><span style=\"font-size: 14px;\">出现大便带血或者黑便；</span></li><li><span style=\"font-size: 14px;\">伴有发热并且体温超过 39 ℃。</span></li><li></li></ul><h2><span style=\"font-size: 14px;\">如何预防腹泻？</span></h2><p><br></p><p><span style=\"font-size: 14px;\">遵循以下几点，可以预防大多数的急性腹泻：</span></p><p><br></p><p><span style=\"font-size: 14px;\"><strong>1. 勤洗手</strong></span></p><p><br></p><p><span style=\"font-size: 14px;\">经常洗手，掌握正确洗手的方式，尤其是每次如厕后或者在吃饭前。</span></p><p><br></p><p><span style=\"font-size: 14px;\"><strong>2. 养成良好的饮食习惯</strong></span></p><p><br></p><p><span style=\"font-size: 14px;\">吃生蔬菜或水果时仔细清洗干净，生熟食所用的菜板和刀一定不能共用，购买生肉后尽可能快地放到冰箱中，减少在室温的时间。</span></p><p><br></p><p><span style=\"font-size: 14px;\"><strong>3. 旅游时注意饮食卫生</strong></span></p><p><br></p><p><span style=\"font-size: 14px;\">外出游玩避免接触被污染的水源，不熟、不干净的食物。</span></p>',NULL,0,'2025-02-25 20:19:19','2025-03-01 14:37:55'),(32,4,'严重过敏','<h1 style=\"text-align: start; line-height: 1.5;\">严重过敏</h1><p><img src=\"/upload/770d479e-bc1f-4200-a4eb-b444e5f5de9b2070468557188354460.png\" alt=\"\" data-href=\"\" style=\"\"/></p><h2><span style=\"font-size: 14px;\">紧急处理</span></h2><p><br></p><p><span style=\"font-size: 14px;\"><strong>识别过敏反应</strong></span></p><p><br></p><ul><li><span style=\"font-size: 14px;\">荨麻疹</span></li><li><span style=\"font-size: 14px;\">舌头和面部肿胀</span></li><li><span style=\"font-size: 14px;\">休克的征兆</span></li><li><span style=\"font-size: 14px;\">呼吸困难</span></li></ul><p><br></p><h2><span style=\"font-size: 14px;\">初步处理</span></h2><p><br></p><ul><li><span style=\"font-size: 14px;\">拨打 120 或前往急诊室</span></li><li><span style=\"font-size: 14px;\">如果停止呼吸，立即开始心肺复苏</span></li><li><span style=\"font-size: 14px;\">使用肾上腺素注射笔</span></li></ul><p><br></p><p><span style=\"font-size: 14px;\">备注：当患者出现舌头和面部肿胀、休克的征兆和呼吸困难时，如果肾上腺素注射笔可用，请立即使用肾上腺素注射笔！</span></p><p><br></p><h2><span style=\"font-size: 14px;\">操作事项</span></h2><p><br></p><p><span style=\"font-size: 14px;\">可以隔着衣服注射肾上腺素</span></p><p><br></p><h2><span style=\"font-size: 14px;\">就医须知</span></h2><p><br></p><ol><li><span style=\"font-size: 14px;\">任何正式的紧急医疗设施都能注射肾上腺素，在严重过敏反应发生时，注射肾上腺素是唯一有效的治疗方法，因此，直接前往最近的急诊室；</span></li><li><span style=\"font-size: 14px;\">注射肾上腺素后，如果所处医疗设施不适合进一步治疗，联系 120 转运到三级医院。</span></li></ol><p><span style=\"font-size: 14px;\"><br></span></p>',NULL,0,'2025-02-25 20:20:32','2025-03-01 14:40:55'),(34,4,'突然失明','<p><br></p><h1 style=\"text-align: start; line-height: 1.5;\">突然失明，该怎么办？</h1><p><img src=\"/upload/3b6c5ef2-6ab8-4d5e-ac9e-d22225bf2f84459597767655550041.png\" alt=\"\" data-href=\"\" style=\"\"/></p><h2><span style=\"font-size: 14px;\">突然失明会有哪些不同表现？</span></h2><p><br></p><p><span style=\"font-size: 14px;\">视网膜动脉阻塞、中风、眼球外伤、眼底出血等多种疾病都可能导致突然失明。</span></p><p><br></p><p><span style=\"font-size: 14px;\">视网膜动脉阻塞导致的失明可能有这些特点：有的可能是突然的、完全的失明，连光感都没有；而有的可能在完全失明前会出现，单侧眼睛一过性的眼前发黑，几秒或者几分钟后视力又恢复。[1]</span></p><p><br></p><p><span style=\"font-size: 14px;\">中风导致的突然失明可能是一侧或者双眼的视力丧失，同时还可能出现头痛、呕吐、看东西旋转、口角歪斜等。[2]</span></p><p><br></p><h2><span style=\"font-size: 14px;\">突然失明了，该怎么办？</span></h2><p><br></p><p><span style=\"font-size: 14px;\"><strong>1. 立即去医院或拨打 120</strong></span></p><p><br></p><p><span style=\"font-size: 14px;\">无论是眼球受伤后出现的突然失明，还是非外伤导致的突然失明都应该马上去医院或直接拨打 120。</span></p><p><br></p><p><span style=\"font-size: 14px;\">此外，千万要警惕一过性的眼前发黑。这种情况可能持续几秒或者几分钟后又消失了，如果反复多次出现的话一定要马上去医院眼科。一过性的失明很可能是视网膜动脉阻塞引起的，这种疾病越早治疗效果越好，如果治疗晚了可能造成永久的失明。[1]</span></p><p><br></p><p><span style=\"font-size: 14px;\"><strong>2. 眼球外伤导致失明的处理</strong></span></p><p><br></p><p><span style=\"font-size: 14px;\">（1）使用干净的金属眼罩或纸杯盖住眼睛，干净毛巾也可以。</span></p><p><br></p><p><span style=\"font-size: 14px;\">（2）遮盖眼睛时注意「三不要」：不要用力按压眼球，盖住就好；不要移除眼内异物；不要接触眼球。</span></p><p><br></p><h2><span style=\"font-size: 14px;\">如何避免突发失明？</span></h2><p><br></p><p><span style=\"font-size: 14px;\">预防突发失明的关键在于预防导致失明的疾病，比如视网膜动脉阻塞、中风、眼球外伤、眼底出血。</span></p><p><br></p><p><span style=\"font-size: 14px;\"><strong>（1）控制好慢性病</strong></span></p><p><br></p><p><span style=\"font-size: 14px;\">高血压、糖尿病的人更容易发生视网膜动脉阻塞、中风等。</span></p><p><br></p><p><span style=\"font-size: 14px;\"><strong>（2）定期体检</strong></span></p><p><br></p><p><span style=\"font-size: 14px;\">尽早发现潜在的疾病，尽早干预。</span></p><p><br></p><p><br></p><p><span style=\"color: rgb(153, 153, 153); font-size: 14px;\">参考资料：</span></p><p><br></p><p><span style=\"color: rgb(153, 153, 153); font-size: 14px;\">[1] http://dxy.com/disease/retinal-artery-occlusion/index</span></p><p><br></p><p><span style=\"color: rgb(153, 153, 153); font-size: 14px;\">[2] http://dxy.com/column/3423</span></p>',NULL,0,'2025-02-25 20:21:05','2025-03-01 14:42:28'),(37,5,'成人发烧','<h1 style=\"text-align: start; line-height: 1.5;\">发烧了，该怎么办？（成人版）</h1><h2><span style=\"font-size: 14px;\">一、体温几度算「发烧」？</span></h2><p><br></p><p><span style=\"font-size: 14px;\">发烧，医学界常称为「发热」，是指体温升高，超过正常体温 0.5 ℃。每个人的体温略有差异，同一个人在不同时段的体温也不尽相同，所以判定是否发热应与自己平时相同条件下的体温做比较。</span></p><p><br></p><p><span style=\"font-size: 14px;\">临床工作中我们常常把腋窝温度大于 37.2 ℃ 视为发热。</span></p><p><br></p><h2><span style=\"font-size: 14px;\">二、发烧时怎么做才是对的？</span></h2><p><br></p><p><span style=\"font-size: 14px;\">如果发热在机体尚能忍受的极限内，譬如发热时体温不是过高，体温在 39°C 以下，而发热时间持续又不是过长，那么可能经过一般的处理就有可能退烧了；</span></p><p><br></p><p><span style=\"font-size: 14px;\">如果发热严重干扰了你的生活和工作，或持续时间过长，那就必须要采取积极措施了。</span></p><p><br></p><p><span style=\"font-size: 14px;\"><strong>1. 多喝水</strong></span></p><p><br></p><p><span style=\"font-size: 14px;\">别人在你发烧的时候让你多喝水真的不是敷衍你，发热时代谢速度增快，体内水分消耗快，需要及时补充。</span></p><p><br></p><p><span style=\"font-size: 14px;\"><strong>2. 退烧药</strong></span></p><p><br></p><p><span style=\"font-size: 14px;\">上面两条都是辅助措施，这一个才是对症处理。目前成人退烧首选对乙酰氨基酚类药物，市面上许多感冒药都含有此成分。无需每天定时吃，也不能超量吃，只在不舒服的时候短期服用就行了。</span></p><p><br></p><p><span style=\"font-size: 14px;\"><strong>3. 及时就医</strong></span></p><p><br></p><p><span style=\"font-size: 14px;\">由于可以引起发热的病因繁杂众多。上面介绍的是针对常见的发热患者的常规处理原则。而对于那些经过常规处理热度依然经久不退、或者高热患者（体温达 39.5°C～41°C）、伴有惊厥、恶心、呕吐等症状者应予及时送医，查明病因，及时给予对症和对因治疗。</span></p><p><br></p><h2><span style=\"font-size: 14px;\">三、捂汗有没有用？<br></span></h2><p><br></p><p><span style=\"font-size: 14px;\">严格来说，捂汗是不可取的。</span></p><p><br></p><p><span style=\"font-size: 14px;\">许多人声辩自己捂了一身汗出来后烧就退了，其实不然，出汗是退热的结果，并不是退热的原因。</span></p><p><br></p><p><span style=\"font-size: 14px;\">在体温未升高至调定点之前，再怎么捂都捂不出汗的。那一身汗是退烧阶段身体自发散热的结果，并不是捂出来的。</span></p><p><br></p><p><span style=\"font-size: 14px;\">如果非要为捂汗这个传统找回一些颜面的话，那就是在寒战期我们手脚冰冷、战栗不止的时候，捂在被子里可以帮助升高体温，减少寒冷带来的不适。</span></p><p><br></p><p><span style=\"font-size: 14px;\">一旦进入高热期，身体不再觉得冷的时候，就绝对不可再捂热了。虽然我们应该为免疫系统创造更好的战斗环境，但不能捡了芝麻丢了西瓜，把自己捂得难受不说，还一不小心烧坏了脑袋。</span></p><p><br></p><p><span style=\"color: rgb(153, 153, 153); font-size: 14px;\">参考资料：</span></p><p><br></p><p><span style=\"color: rgb(153, 153, 153); font-size: 14px;\">[1] https://dxy.com/column/3466</span></p>',NULL,0,'2025-02-25 20:22:34','2025-03-01 14:43:28'),(38,5,'儿童发烧','<h1 style=\"text-align: start; line-height: 1.5;\">孩子发烧，要不要去医院看医生？</h1><p><img src=\"/upload/8df906b0-4bca-427e-a25a-582a8472602d694233909353512706.png\" alt=\"\" data-href=\"\" style=\"\"/></p><p><span style=\"font-size: 14px;\">宝宝发烧，谁看了都着急。但是偏偏就有很多谣言，为人父母者一看到这种与儿女健康相关的文章，常常会乱了方寸而轻信这种漏洞百出的观点。下面就为大家一一破除关于退烧针的谣言。</span></p><p><br></p><h2><span style=\"font-size: 14px;\"><strong>谣言 1：39 度以下，放着别管他？</strong></span></h2><p><br></p><p><span style=\"font-size: 14px;\">首先，发烧并不是一种疾病，而是一种症状。</span></p><p><br></p><p><span style=\"font-size: 14px;\">发热既是身体在对抗疾病时的防御反应，也是身体释放的一种警告信号：你生病了。</span></p><p><br></p><p><span style=\"font-size: 14px;\">许多病都能引起发热，单纯着眼于「退热」并不是治疗发烧的根本办法，家长更应该带着孩子及时就医、寻找发热的原因，治疗原发病。</span></p><p><br></p><p><span style=\"font-size: 14px;\">事实上，判定小儿发热严重程度的标准并不仅仅在体温高低，更在宝宝的整体状态。</span></p><p><br></p><p><span style=\"font-size: 14px;\">假如宝宝一点都不精神、什么都不想吃，哪怕体温在 39 度以下，家长也不能犹豫，要立即送医。</span></p><p><br></p><p><span style=\"font-size: 14px;\">多说一句，3 个月以内的宝宝，只要发现发烧，无论宝宝什么表现，应该立即去医院。</span></p><p><br></p><h2><span style=\"font-size: 14px;\"><strong>谣言 2：发烧是排毒的过程？</strong></span></h2><p><br></p><blockquote style=\"line-height: 1.5;\"><span style=\"font-size: 14px;\">要知道发烧就是我们能否康复的关键，要采取有效的措施来支持身体完成发烧排毒的过程，然后自动退烧，而不是强行地通过打针吃药来退烧。</span></blockquote>',NULL,0,'2025-02-25 20:22:51','2025-03-01 14:06:20'),(42,5,'切割伤','<h1 style=\"text-align: start; line-height: 1.5;\">被锋利的东西割伤了，怎么办？</h1><p><br></p><p><img src=\"/upload/3bdffe01-2caa-4ecc-a708-51bd55eb4c9d3562591452014370269.png\" alt=\"\" data-href=\"\" style=\"width: 803.11px;height: 527.75px;\"/></p><h2><span style=\"font-size: 14px;\">割伤了怎么办？</span></h2><p><br></p><p><span style=\"font-size: 14px;\"><strong>1. 自己怎么处理？</strong></span></p><p><br></p><p><span style=\"font-size: 14px;\">假如伤口很浅、出血不多，可自行处理。</span></p><p><br></p><p><span style=\"font-size: 14px;\"><strong>（1）清洁伤口</strong></span></p><p><br></p><p><span style=\"font-size: 14px;\">用清水把伤口周围冲洗干净。</span></p><p><br></p><p><span style=\"font-size: 14px;\"><strong>（2）包扎</strong></span></p><p><br></p><p><span style=\"font-size: 14px;\">如果伤口较小，可以贴上贴上创可贴，伤口较大可以用干净的纱布，等待伤口自然结痂。</span></p><p><br></p><p><span style=\"font-size: 14px;\"><strong>（3）及时换药</strong></span></p><p><br></p><p><span style=\"font-size: 14px;\">创可贴和纱布按时更换，如果粘在伤口上，可以用生理盐水沾湿，轻轻揭下。假如被打湿、弄脏了，要及时换新。</span></p><p><br></p><p><span style=\"font-size: 14px;\"><strong>（4）止痛</strong></span></p><p><br></p><p><span style=\"font-size: 14px;\">如果孩子很痛，先安抚孩子情绪，必要时可考虑服用止痛药。</span></p><p><br></p><p><span style=\"font-size: 14px;\"><strong>2. 需要医生处理的情况</strong></span></p><p><br></p><ul><li><span style=\"font-size: 14px;\">割伤很深，或在关节处。</span></li><li><span style=\"font-size: 14px;\">伤口不清洁、有异物等，无法把伤口清理干净。</span></li><li><span style=\"font-size: 14px;\">动物爪牙、表面很脏的锋利器具等造成的割伤。</span></li><li><span style=\"font-size: 14px;\">伤口几天内无愈合迹象，或者出现了比如红肿、化脓或持续疼痛的症状。</span></li><li><span style=\"font-size: 14px;\">宝宝还没注射过破伤风疫苗或者距离上次注射已经十年以上。</span></li><li><span style=\"font-size: 14px;\">在送医之前，可以自行初步处理伤口——清水冲洗，用干净的纱布或毛巾等加压止血。</span></li><li></li></ul><p><span style=\"font-size: 14px;\"><strong>3. 需要紧急处理的情况</strong></span></p><p><br></p><p><span style=\"font-size: 14px;\">以下情况，迅速送医院：</span></p><p><br></p><ul><li><span style=\"font-size: 14px;\">伤口流血很严重，血液甚至呈喷射状涌出。</span></li><li><span style=\"font-size: 14px;\">加压止血后 10 分钟后，仍然血流不止，甚至出现休克征兆。</span></li><li></li></ul><p><span style=\"font-size: 14px;\">送医时让受伤区域高过心脏水平，可以一定程度减少血液的流出。</span></p><p><br></p><h2><span style=\"font-size: 14px;\">处理割伤，避开这些常见误区</span></h2><p><br></p><ol><li><span style=\"font-size: 14px;\">不要在伤口上敷盐、腌渍食品、粉末等等奇怪的东西这样做，一方面会很疼，另一方面可能让伤口遭受本来完全可以避免的感染并留下疤痕。</span></li><li><span style=\"font-size: 14px;\">不要使用酒精、碘酒、红药水、紫药水等涂抹伤口这些药品会刺激伤口或影响愈合，建议使用碘伏，有效、无痛；双氧水也有止血作用，适合新鲜刀割伤，但使用后，需要用清水再冲洗一下，而且使用时会很痛。</span></li><li></li></ol><h2><span style=\"font-size: 14px;\">如何预防孩子割伤？</span></h2><p><br></p><ol><li><span style=\"font-size: 14px;\">锋利的器具，如剪刀、菜刀等，放置在孩子不易接触的地方；</span></li><li><span style=\"font-size: 14px;\">对年龄较大的孩子，教会他们正确使用剪刀等工具；</span></li><li><span style=\"font-size: 14px;\">可以考虑购买刀头圆钝的安全剪刀等，让孩子使用；</span></li><li><span style=\"font-size: 14px;\">重视对孩子的安全教育</span>。</li></ol>',NULL,0,'2025-02-25 20:23:25','2025-03-01 14:46:04'),(45,5,'腹痛','<p><img src=\"/upload/6846a787-4e67-4263-92cf-657fdec2e6df9107801862102607465.png\" alt=\"\" data-href=\"\" style=\"\"/></p><h2><span style=\"font-size: 14px;\">基本处理<br></span></h2><p><br></p><ul><li><span style=\"font-size: 14px;\">禁食禁水</span></li><li><span style=\"font-size: 14px;\">测体温和血压</span></li></ul><p><br></p><h2><span style=\"font-size: 14px;\">冠心病史患者上腹痛（或有呕吐）</span></h2><p><br></p><ul><li><span style=\"font-size: 14px;\">测血压。不要使用硝酸甘油</span></li><li><span style=\"font-size: 14px;\">前往急诊室，进行心电图检查</span></li></ul><p><br></p><h2><span style=\"font-size: 14px;\">腹痛、发热患者（或有呕吐）</span></h2><p><br></p><ul><li><span style=\"font-size: 14px;\">立即前往医院</span></li><li></li></ul><h2><span style=\"font-size: 14px;\">剧烈腹痛合并剧烈呕吐</span></h2><p><br></p><ul><li><span style=\"font-size: 14px;\">测血压</span></li><li><span style=\"font-size: 14px;\">保留呕吐物以便查验</span></li><li><span style=\"font-size: 14px;\">前往医院</span></li></ul><h2><span style=\"font-size: 14px;\">这些情况也应该看医生？</span></h2><p><br></p><p><span style=\"font-size: 14px;\">如果出现腹痛十分严重或者经常反复的疼痛，应该选择前去医院就诊。以下几种情况往往预示着一些无法自行痊愈并且不及时就诊会造成更加严重后果的疾病，当腹痛伴随有以下症状时也应该寻求医生的帮助：</span></p><p><br></p><p><span style=\"font-size: 14px;\">（1） 伴有发热，一般指腋窝体温高于 37 摄氏度；</span></p><p><br></p><p><span style=\"font-size: 14px;\">（2） 超过 2 天不能进食；</span></p><p><br></p><p><span style=\"font-size: 14px;\">（3） 一直没有排气排便，同时还伴有呕吐；</span></p><p><br></p><p><span style=\"font-size: 14px;\">（4） 小便伴有疼痛或小便频率发生改变；</span></p><p><br></p><p><span style=\"font-size: 14px;\">（5） 腹部摸着很硬；</span></p><p><br></p><p><span style=\"font-size: 14px;\">（6） 腹痛是由于外伤引起的；</span></p><p><br></p><p><span style=\"font-size: 14px;\">（7） 呕血或便血；</span></p><p><br></p><p><span style=\"font-size: 14px;\">（8） 伴有呼吸困难；</span></p><p><br></p><p><span style=\"font-size: 14px;\">（9） 怀孕期间出现腹痛；</span></p><p><br></p><p><span style=\"font-size: 14px;\">（10） 不明原因的体重减轻；</span></p><p><br></p><p><span style=\"font-size: 14px;\">（11） 腹泻超过 5 天；</span></p><p><br></p><p><span style=\"font-size: 14px;\">（12） 1～2 天内疼痛没有缓解的倾向，反而加重。</span></p><p><br></p><h2><span style=\"font-size: 14px;\">就医须知</span></h2><p><br></p><p><span style=\"font-size: 14px;\">伴随的腹痛的其他症状对于诊断有很大的帮助，因此在注意腹痛的表现的同时还应该注意其伴随的症状，是否有发热、皮肤黄、呕吐、大便异常、尿液改变。</span></p><p><br></p><h2><span style=\"font-size: 14px;\">腹痛怎么治？<br></span></h2><p><span style=\"font-size: 14px;\">急性腹痛发病比较急骤，多数病情危重，应该立刻看医生。慢性腹痛病程往往较长，但病情一般没有急性腹痛危重。</span></p><p><br></p><p><span style=\"font-size: 14px;\">治疗腹痛最重要的原则是要明确病因，只有明确病因后才可以最有效的进行治疗。暂时无法明确病因的腹痛，可以根据腹痛的程度给予对症治疗，轻者可以应用解痉药或非甾体类抗炎药，严重的可以应用吗啡或杜冷丁等强效的镇痛药物。</span></p><p><br></p><h2><span style=\"font-size: 14px;\">切记这些：</span></h2><p><br></p><ul><li><span style=\"font-size: 14px;\">上腹痛可能是下壁心肌梗死的症状。不建议使用硝酸甘油</span></li><li><span style=\"font-size: 14px;\">就医前不建议擅自使用镇痛药物。医生诊断后可以根据医生建议使用镇痛药</span></li><li><span style=\"font-size: 14px;\">腹痛持续30分钟以上，建议前往急诊室就诊</span></li></ul><p><br></p><p><span style=\"color: rgb(153, 153, 153); font-size: 14px;\">参考资料：</span></p><p><br></p><p><span style=\"color: rgb(153, 153, 153); font-size: 14px;\">[1] 欧阳钦. 临床诊断学（第 2 版）.2010 年. 人民卫生出版社</span></p><p><br></p><p><span style=\"color: rgb(153, 153, 153); font-size: 14px;\">[2] 陈孝平. 外科学（第 2 版）下册.2010 年. 人民卫生出版社</span></p><p><br></p><p><span style=\"color: rgb(153, 153, 153); font-size: 14px;\">[3] http://www.webmd.com/pain-management/guide/abdominal-pain-causes-treatments</span></p><p><br></p><p><span style=\"color: rgb(153, 153, 153); font-size: 14px;\">[4] https://www.nlm.nih.gov/medlineplus/ency/article/ 003120.htm</span></p><p><br></p><p><span style=\"color: rgb(153, 153, 153); font-size: 14px;\">[5] http://www.medicinenet.com/abdominal_pain_causes_remedies_treatment</span></p>',NULL,0,'2025-02-25 20:24:14','2025-03-01 16:34:33'),(51,6,'食物中毒','<h1 style=\"text-align: start; line-height: 1.5;\">这些食物易引起食物中毒，告诉你的家人和朋友了吗？</h1><p><br></p><div data-w-e-type=\"video\" data-w-e-is-void>\n<video poster=\"https://img1.dxycdn.com/2020/0611/755/3418502403807706451-22.png\" controls=\"true\" width=\"auto\" height=\"auto\"><source src=\"https://1252348435.vod2.myqcloud.com/deb92324vodgzp1252348435/f40585db5285890804029958596/nutTOcrz0aUA.mp4\" type=\"video/mp4\"/></video>\n</div><p><span style=\"font-size: 14px;\">食物中毒是指摄入了含有生物性有毒有害物质如毒蘑菇、河豚，被某些细菌污染的食物；或化学性有毒有害物质如农药、鼠药或亚硝酸盐的食品、或者把有毒有害物质当作食品摄入后出现的非传染性疾病。</span></p><p><br></p><p><span style=\"font-size: 14px;\">急性食物中毒在数小时或几天内发生，而慢性中毒会持续数年。</span></p><p><br></p><h2><span style=\"font-size: 14px;\">哪些东西易引起食物中毒？</span></h2><p><br></p><p><span style=\"font-size: 14px;\"><strong>1. 本身有毒的食物</strong></span></p><p><br></p><p><span style=\"font-size: 14px;\">木薯、 发芽马铃薯、 毒蘑菇、河豚鱼、 虎斑鱼。</span></p><p><br></p><p><span style=\"font-size: 14px;\"><strong>2. 加工方法不当会引起中毒的食物</strong></span></p><p><br></p><p><span style=\"font-size: 14px;\">未煮熟的豆类。</span></p><p><br></p><p><span style=\"font-size: 14px;\"><strong>3. 食用不当</strong></span></p><p><br></p><p><span style=\"font-size: 14px;\">变质的肉类、蛋类、奶产品以及凉拌菜、剩菜剩饭等，这些变质的食物易滋生沙门氏菌、 变形杆菌、痢疾杆菌、葡萄球菌等。</span></p><p><br></p><p><span style=\"font-size: 14px;\"><strong>4. 误食</strong></span></p><p><br></p><p><span style=\"font-size: 14px;\">农药、鼠药。</span></p><p><br></p><h2><span style=\"font-size: 14px;\">怎么判断是否「食物中毒」？</span></h2><p><br></p><p><img src=\"https://img1.dxycdn.com/2019/1107/806/3378239896463791239-15.jpg\" alt=\"shutterstock_344063903.jpg\" data-href=\"\" style=\"width: 1020px;\"/><span style=\"font-size: 14px;\">食物中毒经常发生在在家庭或集体用餐点，比如学校和公司食堂，虽然原因不同，症状各异，但一般都具备的特征：</span></p><p><br></p><p><span style=\"font-size: 14px;\">1. 一般由几分钟到几小时，食入「有毒食物」后于短时间内几乎同时出现一批病人，来势凶猛，很快形成高峰暴发。</span></p><p><br></p><p><span style=\"font-size: 14px;\">2. 患者临床表现相似，且多以急性胃肠道症状为主，如腹痛、腹泻、呕吐等。</span></p><p><br></p><p><span style=\"font-size: 14px;\">3. 发病与食入某种食物有关。</span></p><p><br></p><p><span style=\"font-size: 14px;\">患者在近期同一段时间内都食用过同一种「有毒食物」，发病范围与食物分布呈一致性，不食者不发病，停止食用该种食物后很快不再有新患者。</span></p><p><br></p><p><span style=\"font-size: 14px;\">4. 一般人与人之间不传染。</span></p><p><br></p><p><span style=\"font-size: 14px;\">5. 有明显的季节性。</span></p><p><br></p><p><span style=\"font-size: 14px;\">夏秋季多发生细菌性和有毒动植物食物中毒；冬春季多发生肉毒中毒和亚硝酸盐中毒等。</span></p><p><br></p><h2><span style=\"font-size: 14px;\">发生食物中毒了该怎么办？</span></h2><p><br></p><p><span style=\"font-size: 14px;\"><strong>饮水：</strong></span><span style=\"font-size: 14px;\">立即饮用大量干净的水，对毒素进行稀释。</span></p><p><br></p><p><span style=\"font-size: 14px;\"><strong>催吐：</strong></span><span style=\"font-size: 14px;\">用手指压迫咽喉，尽可能将胃里的食物吐出。</span></p><p><br></p><p><span style=\"font-size: 14px;\"><strong>封存：</strong></span><span style=\"font-size: 14px;\">将吃过的食物进行封存，避免更多的人受害。</span></p><p><br></p><p><span style=\"font-size: 14px;\"><strong>呼救：</strong></span><span style=\"font-size: 14px;\">马上向急救中心呼救，越早去医院越有利于抢救，如果超过 2 小时，毒物被吸收到血液里，治疗比较困难。</span></p><p><br></p><p><img src=\"https://img1.dxycdn.com/2019/1107/989/3378240622313286404-15.jpg\" alt=\"shutterstock_773127319.jpg\" data-href=\"\" style=\"width: 1020px;\"/></p><p><br></p><h2><span style=\"font-size: 14px;\">预防食物中毒的十条建议</span></h2><p><br></p><ol><li><span style=\"font-size: 14px;\">保持厨房环境和餐具的清洁卫生。</span></li><li><span style=\"font-size: 14px;\">选择新鲜、安全的食品和食品原料。切勿购买和食用腐败变质、过期和来源不明的食品，不要吃发芽的马铃薯、野生蘑菇、河豚鱼等含有或可能含有有毒有害物质的原料加工制作的食品。</span></li><li><span style=\"font-size: 14px;\">蔬菜按一洗二浸三烫四炒的顺序操作处理。</span></li><li><span style=\"font-size: 14px;\">肉及家禽在冷冻之前按食用量分切，烹调前充分解冻。</span></li><li><span style=\"font-size: 14px;\">彻底加热食品，特别是肉、奶、蛋及其制品，四季豆、豆浆等应烧熟煮透。</span></li><li><span style=\"font-size: 14px;\">烹调后的食品应在 2 小时内食用。</span></li><li><span style=\"font-size: 14px;\">妥善贮存食品。食品贮存密封容器内，生、熟食品分开存放，新鲜食物和剩余食物不要混放。提前做好的食品和需要保存的剩余食品存放在高于 60 摄氏度或低于 10 摄氏度的条件下。</span></li><li><span style=\"font-size: 14px;\">经冷藏保存的熟食和剩余食品及外购的熟肉制品食用前应彻底加热。食物中心温度须达到 70 摄氏度，并至少维持 2 分钟。</span></li><li><span style=\"font-size: 14px;\">不光顾无证无照的流动摊档和卫生条件差的饮食店。</span></li><li><span style=\"font-size: 14px;\">养成良好的个人卫生习惯。勤洗手、不吃生食、不喝生水。</span></li><li></li></ol><p><span style=\"font-size: 14px;\"><br></span></p>',NULL,0,'2025-02-25 20:25:21','2025-03-01 16:39:30'),(52,6,'酒精中毒','<h1 style=\"text-align: start; line-height: 1.5;\">酒精中毒，该怎么办？</h1><p><br></p><h2><span style=\"font-size: 14px;\">一、酒精中毒有什么症状？</span></h2><p><br></p><p><span style=\"font-size: 14px;\">因酒精摄入过量而引起兴奋继而抑制的症状，可表现为出现</span><span style=\"font-size: 14px;\"><strong>讲话含糊不清、站立不稳、暴躁易怒、昏睡、昏迷</strong></span><span style=\"font-size: 14px;\">等情况。</span></p><p><br></p><p><span style=\"font-size: 14px;\">结合患者有过量饮酒的情况，如果出现以上情况，一定要警惕酒精中毒，要及时就医，避免因大意、延误而酿成令人追悔莫及的惨剧。</span></p><p><br></p><h2><span style=\"font-size: 14px;\">二、一旦发生酒精中毒我们应该怎样处理？</span></h2><p><br></p><p><span style=\"font-size: 14px;\">如果患者是清醒的，可以用催吐的方法排出患者胃里还没有吸收的酒精，适量饮糖水以促进酒精代谢、预防低血糖；</span></p><p><br></p><p><span style=\"font-size: 14px;\"><strong>同时，无论患者是否清醒，都应尽快到医院就诊，以免延误救治时机。</strong></span></p><p><br></p><h2><span style=\"font-size: 14px;\">三、急性酒精中毒时有哪些治疗措施？</span></h2><p><br></p><p><span style=\"font-size: 14px;\">（1） 首先是诱导恶心、呕吐，以便患者及时排出胃内的酒精，避免中毒程度加重。</span></p><p><br></p><p><span style=\"font-size: 14px;\">（2） 轻微中毒的患者不一定需要医学治疗，可以适当饮用糖水以促进酒精代谢；如果是兴奋、躁动的患者，可以适当加以约束。</span></p><p><br></p><p><span style=\"font-size: 14px;\">（3） 如果患者出现共济失调，则应该避免活动以免发生意外；可以适量输注葡萄糖及氯化钾注射液促进酒精代谢，同时预防低钾血症。</span></p><p><br></p><p><span style=\"font-size: 14px;\">（4） 如果患者出现昏睡、昏迷等意识障碍，要给予静脉注射纳洛酮以缩短昏睡及昏迷的时间，同时注意维持呼吸、循环等生命功能。</span></p><p><br></p><p><span style=\"font-size: 14px;\">（5） 如果患者饮酒后 2 小时内没有呕吐，就需要洗胃了。</span></p><p><br></p><p><span style=\"font-size: 14px;\">（6） 要用药物预防急性胃炎、胰腺炎等并发症。</span></p><p><br></p><p><span style=\"color: rgb(153, 153, 153); font-size: 14px;\">参考资料：</span></p><p><br></p><p><span style=\"color: rgb(153, 153, 153); font-size: 14px;\">[1] https://dxy.com/faq/4523</span></p>',NULL,0,'2025-02-25 20:25:36','2025-03-01 16:40:13'),(53,6,'煤气中毒','<h1 style=\"text-align: start; line-height: 1.5;\">煤气中毒，该怎么办？</h1><p><img src=\"/upload/06e0225e-2dcb-4130-99e7-681572f091fc8872034450004070375.png\" alt=\"\" data-href=\"\" style=\"\"/></p><h2><span style=\"font-size: 14px;\">发生煤气中毒后有什么表现？</span></h2><p><br></p><p><span style=\"font-size: 14px;\">煤气中毒（一氧化碳中毒）可分为轻、中、重度，轻度可能表现为头晕、头痛、恶心、呕吐、乏力、嗜睡等，有冠心病的还可能诱发心绞痛；中度可能昏迷，但有一些刺激仍会有反应；重度会对一切刺激全无反应。</span></p><p><br></p><p><span style=\"font-size: 14px;\">煤气中毒者的嘴唇、指甲、皮肤黏膜会呈现一氧化碳中毒特有的樱桃红色。</span></p><p><br></p><h2><span style=\"font-size: 14px;\">煤气中毒了怎么办？</span></h2><p><br></p><p><span style=\"font-size: 14px;\">轻度和中度的中毒，如果抢救及时，一般可以完全恢复，但重度的中毒，即使经过有效抢救，仍可能出现并发症和后遗症，所以一定要及时就医。</span></p><p><br></p><p><span style=\"font-size: 14px;\"><strong>1. 转移中毒者</strong></span></p><p><br></p><p><span style=\"font-size: 14px;\">一旦发现中毒，立即开窗通风，将中毒者转移到室外，呼吸新鲜空气。</span></p><p><br></p><p><span style=\"font-size: 14px;\"><strong>2. 做好自我保护</strong></span></p><p><br></p><p><span style=\"font-size: 14px;\">在抢救生命的同时，也应该保护好自己。进入煤气中毒的现场时，注意及时开窗通风，不要使用明火和电器，也不要开灯或关灯，若室内煤气浓度过高，可能诱发爆炸。</span></p><p><br></p><p><span style=\"font-size: 14px;\"><strong>3. 立即拨打 120</strong></span></p><p><br></p><p><span style=\"font-size: 14px;\">在转移后尽快打 120 求救或去就近的急诊。</span></p><p><br></p><h2><span style=\"font-size: 14px;\">如何预防煤气中毒？</span></h2><p><br></p><p><span style=\"font-size: 14px;\"><strong>1. 定期检查燃气设备</strong></span></p><p><br></p><p><span style=\"font-size: 14px;\">每年都要检查所有的燃气设备，包括加热器、炉灶、取暖器、壁炉等。</span></p><p><br></p><p><span style=\"font-size: 14px;\"><strong>2. 定期检查排气设备</strong></span></p><p><br></p><p><span style=\"font-size: 14px;\">检查烟囱、暖气管、通风孔等，以确保没有变形、堵塞。</span></p><p><br></p><p><span style=\"font-size: 14px;\"><strong>3. 安全使用各种设备</strong></span></p><p><br></p><ul><li><span style=\"font-size: 14px;\">不要在密闭的空间里如狭窄的空间、房车、拖车箱、帐篷里使用燃油或燃气的取暖器；</span></li><li><span style=\"font-size: 14px;\">不要在室内烧烤；</span></li><li><span style=\"font-size: 14px;\">不要在室内燃气取暖；</span></li><li><span style=\"font-size: 14px;\">不要在密闭空间内使用燃气发电机、除草机或其他设备引擎；</span></li><li><span style=\"font-size: 14px;\">使用燃气设备时，不要在明火未完全熄灭时就关掉通风口。</span></li><li></li></ul><p><span style=\"font-size: 14px;\"><strong>4. 注意各类交通工具</strong></span></p><p><br></p><ul><li><span style=\"font-size: 14px;\">即使车库门开着，也不要让车在车库里空转；</span></li><li><span style=\"font-size: 14px;\">不要在大巴车后骑车。</span></li><li></li></ul><p><span style=\"font-size: 14px;\"><br></span></p>',NULL,0,'2025-02-25 20:25:44','2025-03-01 16:42:12');
/*!40000 ALTER TABLE `first_aid_guide` ENABLE KEYS */;
UNLOCK TABLES;

--
-- Table structure for table `history`
--

DROP TABLE IF EXISTS `history`;
/*!40101 SET @saved_cs_client     = @@character_set_client */;
/*!50503 SET character_set_client = utf8mb4 */;
CREATE TABLE `history` (
  `id` int NOT NULL AUTO_INCREMENT COMMENT '用户搜索历史主键id',
  `user_id` int DEFAULT NULL COMMENT '用户ID',
  `keyword` varchar(255) CHARACTER SET utf8mb4 COLLATE utf8mb4_0900_ai_ci DEFAULT NULL COMMENT '搜索关键字',
  `operate_type` int DEFAULT NULL COMMENT '类型：1搜索，2科目，3药品',
  `create_time` datetime DEFAULT CURRENT_TIMESTAMP COMMENT '创建时间',
  `update_time` datetime DEFAULT CURRENT_TIMESTAMP ON UPDATE CURRENT_TIMESTAMP COMMENT '更新时间',
  PRIMARY KEY (`id`) USING BTREE
) ENGINE=InnoDB AUTO_INCREMENT=175 DEFAULT CHARSET=utf8mb4 COLLATE=utf8mb4_0900_ai_ci ROW_FORMAT=DYNAMIC;
/*!40101 SET character_set_client = @saved_cs_client */;

--
-- Dumping data for table `history`
--

LOCK TABLES `history` WRITE;
/*!40000 ALTER TABLE `history` DISABLE KEYS */;
INSERT INTO `history` VALUES (126,4,'10,无',1,'2022-05-03 16:09:34','2022-05-03 16:09:34'),(127,4,'10,无',1,'2022-05-03 16:09:40','2022-05-03 16:09:40'),(128,4,'病毒性感冒',2,'2022-05-03 16:09:48','2022-05-03 16:09:48'),(129,4,'10,无',1,'2022-05-03 16:09:52','2022-05-03 16:09:52'),(130,4,'湿疹',2,'2022-05-03 16:12:15','2022-05-03 16:12:15'),(131,4,'偏头痛',2,'2022-05-03 16:12:49','2022-05-03 16:12:49'),(132,5,'7,无',1,'2022-05-03 16:17:41','2022-05-03 16:17:41'),(133,5,'湿疹',2,'2022-05-03 16:17:53','2022-05-03 16:17:53'),(134,5,'感冒',2,'2022-05-03 16:18:08','2022-05-03 16:18:08'),(135,5,'17,无',1,'2022-05-03 16:18:22','2022-05-03 16:18:22'),(136,5,'17,溃疡',1,'2022-05-03 16:18:28','2022-05-03 16:18:28'),(137,5,'溃疡',2,'2022-05-03 16:18:28','2022-05-03 16:18:28'),(138,5,'17,溃疡',1,'2022-05-03 16:26:48','2022-05-03 16:26:48'),(139,5,'溃疡',2,'2022-05-03 16:26:48','2022-05-03 16:26:48'),(140,5,'17,溃疡',1,'2022-05-03 16:28:20','2022-05-03 16:28:20'),(141,5,'溃疡',2,'2022-05-03 16:28:20','2022-05-03 16:28:20'),(142,5,'17,溃疡',1,'2022-05-03 16:33:52','2022-05-03 16:33:52'),(143,5,'溃疡',2,'2022-05-03 16:33:52','2022-05-03 16:33:52'),(144,5,'溃疡',2,'2022-05-03 16:34:08','2022-05-03 16:34:08'),(145,5,'7,无',1,'2022-05-03 16:37:57','2022-05-03 16:37:57'),(146,5,'9,无',1,'2022-05-03 16:38:34','2022-05-03 16:38:34'),(147,5,'9,无',1,'2022-05-03 16:41:59','2022-05-03 16:41:59'),(148,5,'9,无',1,'2022-05-03 16:42:14','2022-05-03 16:42:14'),(149,5,'9,无',1,'2022-05-03 16:42:45','2022-05-03 16:42:45'),(150,5,'9,无',1,'2022-05-03 16:43:54','2022-05-03 16:43:54'),(151,5,'9,无',1,'2022-05-03 16:44:26','2022-05-03 16:44:26'),(152,5,'9,无',1,'2022-05-03 16:44:45','2022-05-03 16:44:45'),(153,5,'2,无',1,'2022-05-03 16:44:51','2022-05-03 16:44:51'),(154,5,'2,无',1,'2022-05-03 16:45:46','2022-05-03 16:45:46'),(155,5,'1',3,'2022-05-07 15:34:34','2022-05-07 15:34:34'),(156,4,'牙周炎',2,'2022-07-14 19:32:05','2022-07-14 19:32:05'),(157,4,'9,无',1,'2022-07-14 19:32:52','2022-07-14 19:32:52'),(158,4,'1,无',1,'2022-07-14 19:32:56','2022-07-14 19:32:56'),(159,4,'17,无',1,'2022-07-14 19:32:59','2022-07-14 19:32:59'),(160,4,'病毒性感冒',2,'2025-02-23 03:12:05','2025-02-23 03:12:05'),(161,4,'风寒感冒',2,'2025-03-28 14:08:59','2025-03-28 14:08:59'),(162,4,'胃痛',2,'2025-04-03 11:19:20','2025-04-03 11:19:20'),(163,4,'病毒性感冒',2,'2025-04-04 08:13:49','2025-04-04 08:13:49'),(164,4,'病毒性感冒',2,'2025-04-04 08:15:02','2025-04-04 08:15:02'),(165,4,'病毒性感冒',2,'2025-04-04 08:15:38','2025-04-04 08:15:38'),(166,4,'皮炎平',2,'2025-04-04 16:33:14','2025-04-04 16:33:14'),(167,4,'5,无',1,'2025-04-04 16:33:18','2025-04-04 16:33:18'),(168,4,'病毒性感冒',2,'2025-04-04 16:33:24','2025-04-04 16:33:24'),(169,4,'111',2,'2025-04-04 16:57:10','2025-04-04 16:57:10'),(170,4,'1',2,'2025-04-04 16:57:30','2025-04-04 16:57:30'),(171,4,'11',2,'2025-04-04 16:57:39','2025-04-04 16:57:39'),(172,4,'风寒感冒',2,'2025-04-04 16:58:44','2025-04-04 16:58:44'),(173,4,'病毒性感冒',2,'2025-04-04 16:58:48','2025-04-04 16:58:48'),(174,4,'1,无',1,'2025-04-04 16:59:37','2025-04-04 16:59:37');
/*!40000 ALTER TABLE `history` ENABLE KEYS */;
UNLOCK TABLES;

--
-- Table structure for table `illness`
--

DROP TABLE IF EXISTS `illness`;
/*!40101 SET @saved_cs_client     = @@character_set_client */;
/*!50503 SET character_set_client = utf8mb4 */;
CREATE TABLE `illness` (
  `id` int NOT NULL AUTO_INCREMENT COMMENT '疾病id',
  `kind_id` int DEFAULT NULL COMMENT '疾病分类ID',
  `illness_name` varchar(100) CHARACTER SET utf8mb4 COLLATE utf8mb4_0900_ai_ci DEFAULT NULL COMMENT '疾病名字',
  `include_reason` mediumtext CHARACTER SET utf8mb4 COLLATE utf8mb4_0900_ai_ci COMMENT '诱发因素',
  `illness_symptom` mediumtext CHARACTER SET utf8mb4 COLLATE utf8mb4_0900_ai_ci COMMENT '疾病症状',
  `special_symptom` mediumtext CHARACTER SET utf8mb4 COLLATE utf8mb4_0900_ai_ci COMMENT '特殊症状',
  `create_time` datetime DEFAULT CURRENT_TIMESTAMP COMMENT '创建时间',
  `update_time` datetime DEFAULT CURRENT_TIMESTAMP ON UPDATE CURRENT_TIMESTAMP COMMENT '更新时间',
  PRIMARY KEY (`id`) USING BTREE
) ENGINE=InnoDB AUTO_INCREMENT=14 DEFAULT CHARSET=utf8mb4 COLLATE=utf8mb4_0900_ai_ci ROW_FORMAT=DYNAMIC;
/*!40101 SET character_set_client = @saved_cs_client */;

--
-- Dumping data for table `illness`
--

LOCK TABLES `illness` WRITE;
/*!40000 ALTER TABLE `illness` DISABLE KEYS */;
INSERT INTO `illness` VALUES (1,10,'病毒性感冒','各种导致全身或呼吸道局部防御功能降低的原因，如受凉、淋雨、气候突变、过度疲劳等均可诱发本疲','急性起病，患者主要表现为鼻塞、流涕、咽痛、咳嗽等症状。部分患者可有发热、乏力、头痛、周身酸痛、\n食欲减退、腹胀、便秘或腹泻等全身症状。','急性起病，患者主要表现为鼻塞、流涕、咽痛、咳嗽等症状。部分患者可有发热、乏力、头痛、周身酸痛、\n食欲减退、腹胀、便秘或腹泻等全身症状。','2022-05-01 11:31:10','2022-05-03 16:00:41'),(2,10,'风寒感冒','身体免疫力低下的情况下，体内有寒气入侵，导致感冒','恶寒重、发热轻、无汗、头痛身痛、鼻塞流清涕、咳嗽吐稀白痰、口不渴或渴喜热饮、苔薄白','恶寒重、发热轻、无汗、头痛身痛、畏寒','2022-05-01 11:31:10','2022-05-03 16:01:51'),(3,2,'扁桃体发炎','扁桃体炎形成的原因与多种因素有关，包括感染因素、免疫因素、邻近器官的急性炎症等，细菌和病毒积存\n于扁桃体窝引起该病。扁桃体炎还可继发于某些急性传染病，如猩红热、麻疹、流感等。','发热、咽部不适、咽部疼痛，甚至吞咽、呼吸困难、局部可有咽痛，吞咽时尤为明显，甚至因畏惧疼痛不敢吞咽，疼痛可放射至耳部，幼儿常因不能吞咽而拒食哭闹。','咽痛、咽部不适','2022-05-01 11:31:10','2022-05-01 17:49:05'),(4,3,'偏头痛','偏头痛的病因尚不明确，可能与遗传、内分泌代谢、环境因素、精神因素有关。','偏头痛的常见症状包括：头痛，开始常为隐约疼痛，逐渐变为搏动性疼痛，活动时加重，还可从头的一侧转\n移至另一侧，累及头前部或整个头部；对光线、噪音和气味敏感；伴有恶心、呕吐，胃部不适，腹部疼痛；\n食欲差；感觉非常的暖或冷；肤色苍白；疲劳；头晕；视野模糊；腹泻。比较军见的症状包括发烧、影响正\n常的肢体活动。','左侧疼痛、右侧疼痛、单侧疼痛、一阵一阵的疼痛、像针扎一样','2022-05-01 11:31:10','2022-05-01 17:49:06'),(5,2,'便秘','便秘通常是由于美便在消化道中移动太慢，或无法从直肠中有效清除时，导致类便脱水、变硬和干燥，从而引发的便秘。','排便次数减少、一周内小于3次、粪便干燥或结块、如羊粪、排便因难，如排便时间长、排便时感觉有阻碍、排便后仍有粪便未排尽的感觉、需手按腹部帮助排便等','大便困难、拉不出来','2022-05-01 11:31:10','2022-05-03 16:03:44'),(6,3,'骨折','骨折是由创伤或骨骼痪病所导致，大部分骨折都是由于直接或间接暴力引起。跌倒、撞击、交通意外等暴力因素是导致骨折的常见原因。积累性劳损及骨骼痪病也会增加骨折发生几率，骨骼痪病（如骨髓炎、骨肿瘤）导致骨质破坏，患者受到轻微外力就可能发生骨折。','骨折特有特征为畸形、异常活动和骨擦音（感）。大部分骨折一般只引起局部症状，最常见的症状就是局部\n疼痛、肿胀及功能障碍。严重骨折和多发性骨折可伴随全身症状（如休克、发热）。','骨折的一般表现为局部疼痛、肿胀及功能障碍','2022-05-01 11:31:10','2022-05-03 16:04:23'),(7,17,'牙周炎','牙周炎是一种破坏性庆病，与微生物、宿主反应有关，是导致我国成人牙齿丧失的主要原因，严重影响患者的口腔健康。在局部致病因素中，牙菌斑是最主要的致病因素，而在全身因素中吸烟是高危因素。','健康的牙龈应该呈粉红色，边缘薄且紧贴牙面，质坚韧，探诊不出血。牙周災的主要症状是牙龈红肿、质地\n松软、探诊出血、牙周袋溢脓和牙齿松动。','牙龈出血、牙齿松动、牙龈肿','2022-05-01 11:31:10','2022-05-03 16:04:43'),(8,2,'胃溃疡','胃溃疡是一种常见的消化痪病，任何年龄的人都可能患病。在全球范围内，约占10%的人群一生中都会患有消化性渍疡。在患病人群中，40-60岁的中老年患者最为多见，而且男性多于女性。','胃溃疡的症状较多，包括胃部疼痛、食欲不振、餐后腹胀或胃部不适、体重减轻等等。这些症状的严重程度\n取决于溃疡的严重程度。有些患者可能没有任何症状（如“无症状性溃疡\"），或者是以胃出血、胃穿孔等并\n发症为首发症状。','餐后腹胀、体重减轻、食欲不振','2022-05-01 11:31:10','2022-05-03 16:05:16'),(9,17,'口腔溃疡','口腔渍疡的致病原因尚不明确，多种因素可诱发，包括遗传因素、饮食因素、免疫因素等，且具有明显的个体差异。口腔渍疡经常、反复发作时，严重影响患者的日常生活和工作。','口腔溃疡常见于口腔的唇、脸颊、软腭或牙龈等处的黏膜上，溃疡面一般呈圆形或椭圆形，溃疡面凹陷、有\n白色或黄色的中心、周围充血微红肿，有明显疼痛感。','口腔溃疡常见于口腔的唇、脸颊、软腭或牙龈等处的黏膜上，溃疡面一般呈圆形或椭圆形，溃疡面凹陷、有\n白色或黄色的中心、周围充血微红肿，有明显疼痛感。','2022-05-01 11:31:10','2022-05-03 16:05:51'),(13,7,'湿疹','湿疹的病因目前尚不明确，与机体内因、外因、社会心理因素等都有关。机体内因包括免疫功能异常和系统性痪病（如内分泌痪病、营养障碍、慢性感染等）以及遗传性或获得性 皮肤屏障功能障碍。','急性期表现为红斑、水肿、粟粒大小的丘疹、丘疱疹、水疱，糜烂及渗出；亚急性期表现为红肿和渗出减\n轻，糜烂面结痂、脱屑；慢性期主要表现为粗糙肥厚、苔藓样变。湿疹容易复发，严重影响患者的生活质\n量。','起病较急、发病较快，瘙痒剧烈。','2022-05-03 16:08:58','2022-05-03 16:09:11');
/*!40000 ALTER TABLE `illness` ENABLE KEYS */;
UNLOCK TABLES;

--
-- Table structure for table `illness_kind`
--

DROP TABLE IF EXISTS `illness_kind`;
/*!40101 SET @saved_cs_client     = @@character_set_client */;
/*!50503 SET character_set_client = utf8mb4 */;
CREATE TABLE `illness_kind` (
  `id` int NOT NULL AUTO_INCREMENT COMMENT '主键ID',
  `name` varchar(255) CHARACTER SET utf8mb4 COLLATE utf8mb4_0900_ai_ci DEFAULT NULL COMMENT '分类名称',
  `info` varchar(255) CHARACTER SET utf8mb4 COLLATE utf8mb4_0900_ai_ci DEFAULT NULL COMMENT '描述',
  `create_time` datetime DEFAULT CURRENT_TIMESTAMP COMMENT '创建时间',
  `update_time` datetime DEFAULT CURRENT_TIMESTAMP ON UPDATE CURRENT_TIMESTAMP COMMENT '更新时间',
  PRIMARY KEY (`id`) USING BTREE
) ENGINE=InnoDB AUTO_INCREMENT=18 DEFAULT CHARSET=utf8mb4 COLLATE=utf8mb4_0900_ai_ci ROW_FORMAT=DYNAMIC;
/*!40101 SET character_set_client = @saved_cs_client */;

--
-- Dumping data for table `illness_kind`
--

LOCK TABLES `illness_kind` WRITE;
/*!40000 ALTER TABLE `illness_kind` DISABLE KEYS */;
INSERT INTO `illness_kind` VALUES (1,'急诊科','急诊科疾病','2022-05-01 11:57:39','2022-05-01 12:01:00'),(2,'内科','内科疾病','2022-05-01 11:57:57','2022-05-01 12:00:59'),(3,'外科','外科疾病','2022-05-01 11:58:26','2022-05-01 12:00:57'),(4,'妇产科','妇产科疾病','2022-05-01 11:58:36','2022-05-01 12:00:56'),(5,'儿科','儿科疾病','2022-05-01 11:58:49','2022-05-01 12:00:54'),(6,'男科','男科疾病','2022-05-01 11:58:59','2022-05-01 12:00:53'),(7,'皮肤科','皮肤科疾病','2022-05-03 16:07:12','2022-05-03 16:07:12'),(9,'肝病','肝病疾病','2022-05-01 11:59:27','2022-05-01 12:00:49'),(10,'传染科','传染科疾病','2022-05-01 11:59:35','2022-05-01 12:00:48'),(16,'耳鼻喉科','耳鼻喉科疾病','2022-05-01 12:00:23','2022-05-01 12:00:41'),(17,'口腔科','口腔科疾病','2022-05-01 12:00:31','2022-05-01 12:00:39');
/*!40000 ALTER TABLE `illness_kind` ENABLE KEYS */;
UNLOCK TABLES;

--
-- Table structure for table `illness_medicine`
--

DROP TABLE IF EXISTS `illness_medicine`;
/*!40101 SET @saved_cs_client     = @@character_set_client */;
/*!50503 SET character_set_client = utf8mb4 */;
CREATE TABLE `illness_medicine` (
  `id` int NOT NULL AUTO_INCREMENT COMMENT '病和药品关联id',
  `illness_id` int DEFAULT NULL COMMENT '病id',
  `medicine_id` int DEFAULT NULL COMMENT '药品id',
  `create_time` datetime DEFAULT CURRENT_TIMESTAMP COMMENT '创建时间',
  `update_time` datetime DEFAULT CURRENT_TIMESTAMP ON UPDATE CURRENT_TIMESTAMP COMMENT '更新时间',
  PRIMARY KEY (`id`) USING BTREE
) ENGINE=InnoDB AUTO_INCREMENT=21 DEFAULT CHARSET=utf8mb4 COLLATE=utf8mb4_0900_ai_ci ROW_FORMAT=DYNAMIC;
/*!40101 SET character_set_client = @saved_cs_client */;

--
-- Dumping data for table `illness_medicine`
--

LOCK TABLES `illness_medicine` WRITE;
/*!40000 ALTER TABLE `illness_medicine` DISABLE KEYS */;
INSERT INTO `illness_medicine` VALUES (6,3,1,'2022-05-03 16:10:35','2022-05-03 16:10:35'),(7,2,1,'2022-05-03 16:10:37','2022-05-03 16:10:37'),(8,1,1,'2022-05-03 16:10:38','2022-05-03 16:10:38'),(9,4,1,'2022-05-03 16:10:42','2022-05-03 16:10:42'),(10,7,1,'2022-05-03 16:10:44','2022-05-03 16:10:44'),(11,1,2,'2022-05-03 16:10:59','2022-05-03 16:10:59'),(12,2,2,'2022-05-03 16:11:01','2022-05-03 16:11:01'),(13,5,3,'2022-05-03 16:11:16','2022-05-03 16:11:16'),(14,13,5,'2022-05-03 16:11:29','2022-05-03 16:11:29'),(15,8,4,'2022-05-03 16:11:39','2022-05-03 16:11:39'),(16,7,6,'2022-05-03 16:11:50','2022-05-03 16:11:50'),(17,4,7,'2022-05-03 16:12:01','2022-05-03 16:12:01'),(18,2,7,'2022-05-03 16:12:03','2022-05-03 16:12:03'),(19,1,7,'2022-05-03 16:12:04','2022-05-03 16:12:04'),(20,3,7,'2022-05-03 16:12:05','2022-05-03 16:12:05');
/*!40000 ALTER TABLE `illness_medicine` ENABLE KEYS */;
UNLOCK TABLES;

--
-- Table structure for table `medical_news`
--

DROP TABLE IF EXISTS `medical_news`;
/*!40101 SET @saved_cs_client     = @@character_set_client */;
/*!50503 SET character_set_client = utf8mb4 */;
CREATE TABLE `medical_news` (
  `id` int NOT NULL AUTO_INCREMENT COMMENT '主键ID',
  `news_name` varchar(255) CHARACTER SET utf8mb4 COLLATE utf8mb4_0900_ai_ci DEFAULT NULL COMMENT '医疗咨询名字',
  `news_key` varchar(255) CHARACTER SET utf8mb4 COLLATE utf8mb4_0900_ai_ci DEFAULT NULL COMMENT '医疗咨询关键字',
  `news_content` longtext CHARACTER SET utf8mb4 COLLATE utf8mb4_0900_ai_ci COMMENT '咨询的详细内容',
  `img_path` varchar(255) CHARACTER SET utf8mb4 COLLATE utf8mb4_0900_ai_ci DEFAULT NULL COMMENT '包含的图片地址',
  `relation_illness` int DEFAULT NULL COMMENT '关联的疾病id',
  `create_time` datetime DEFAULT CURRENT_TIMESTAMP COMMENT '创建时间',
  `update_time` datetime DEFAULT CURRENT_TIMESTAMP ON UPDATE CURRENT_TIMESTAMP COMMENT '更新时间',
  PRIMARY KEY (`id`) USING BTREE
) ENGINE=InnoDB AUTO_INCREMENT=30 DEFAULT CHARSET=utf8mb4 COLLATE=utf8mb4_0900_ai_ci ROW_FORMAT=DYNAMIC;
/*!40101 SET character_set_client = @saved_cs_client */;

--
-- Dumping data for table `medical_news`
--

LOCK TABLES `medical_news` WRITE;
/*!40000 ALTER TABLE `medical_news` DISABLE KEYS */;
INSERT INTO `medical_news` VALUES (22,'空腹锻炼减脂效果并非更好，这种看法是不准确的。','空腹锻炼','<p style=\"text-align: left;\"><span style=\"font-family: 宋体;\"> &nbsp; &nbsp;空腹锻炼就好像一辆没加油的汽车去跑长途，一开始可能感觉还行，但很快就会没劲儿。因为身体没有足够的能量储备，不仅难以维持高强度的运动，还可能导致肌肉分解来提供能量，影响基础代谢率。而且，空腹时血糖水平较低，容易出现头晕、乏力等不适症状，反而不利于长期坚持锻炼。所以，不要认为空腹锻炼减脂效果就更好。</span></p><p style=\"text-align: left;\"><span style=\"font-family: 宋体;\"> </span></p><p style=\"text-align: left;\"><span style=\"font-family: 宋体;\">相关 QA：</span></p><p style=\"text-align: left;\"><span style=\"font-family: 宋体;\">问题 1：饭后多久锻炼比较合适？ 回答：一般建议饭后 1 - 2 小时再进行锻炼，此时食物消化得差不多了，不会给肠胃造成太大负担。</span></p><p style=\"text-align: left;\"><span style=\"font-family: 宋体;\">问题 2：锻炼期间饮食要注意什么？ 回答：要保证营养均衡，多摄入富含蛋白质、碳水化合物和健康脂肪的食物，同时控制糖分和盐分的摄取。</span></p><p style=\"text-align: left;\"><span style=\"font-family: 宋体;\">问题 3：怎样判断自己的锻炼强度是否合适？ 回答：如果锻炼后感觉疲劳在短时间内能够恢复，第二天没有明显的肌肉酸痛，且能保持较好的精神状态，一般说明锻炼强度是合适的。</span></p><p style=\"text-align: left;\"><img src=\"/upload/5d8cb5af-1337-41fe-8cff-f14c2c34a7c95796477933775984594.jpg\" alt=\"\" data-href=\"\" style=\"\"></p>','/upload/018defad-c872-4229-98de-6467aed68ee08370759714152365957.png',NULL,'2025-02-22 17:17:04','2025-02-28 00:33:30'),(23,'食物不耐受会导致您需要避开那些身体难以接受的食物，从而调整您的日常饮食结构。','食物不耐受','<p style=\"text-align: left;\"><span style=\"font-family: 宋体;\"> &nbsp; &nbsp;打个比方，食物不耐受就像是您的身体和某些食物之间在闹别扭。比如您对牛奶不耐受，身体就没办法很好地处理牛奶中的成分，可能会引起腹胀、腹泻等不舒服的反应。这时候您就得把牛奶从日常饮食中去掉，或者寻找替代品，像豆浆之类的。就好像您的身体是一个挑剔的工厂，某些食物原材料它加工不了，那您就得给它换能加工的，才能保证工厂正常运转，也就是身体保持健康。</span></p><p style=\"text-align: left;\"><span style=\"font-family: 宋体;\"> </span></p><p><span style=\"font-family: 宋体;\"> &nbsp; &nbsp;QA： - 问：食物不耐受能治好吗？ 答：大多数食物不耐受可以通过调整饮食来控制和改善症状，但不一定能完全治愈。 - 问：怎么知道自己对哪些食物不耐受？ 答：可以通过去医院做相关的检测，比如血液检测、皮肤点刺试验等。 - 问：食物不耐受和食物过敏是一回事吗？ 答：不是的，食物过敏通常反应更迅速和剧烈，而食物不耐受的症状可能更延迟和温和。</span></p><p><img src=\"/upload/4e9fd2f4-4fce-42b6-9cf5-3ab800a695ba979146182119287114.jpg\" alt=\"\" data-href=\"\" style=\"\"/></p>','/upload/d00a831b-b401-490e-a2d3-af72fbd87f6b4032717963838459925.png',NULL,'2025-02-25 20:30:41','2025-02-28 00:33:02'),(24,'晚上睡觉时把手机放远一点有助于提高睡眠质量','睡觉','<p><span style=\"font-family: 宋体;\"> &nbsp; &nbsp;手机会发出蓝光，这种光线会干扰我们身体分泌褪黑素，褪黑素就像一个让我们感到困倦、帮助我们入睡的小使者。如果蓝光太多，小使者就没办法正常工作，我们就不容易入睡或者睡不踏实。就好比晚上该睡觉了，却有个很亮的灯一直照着你，让你没法安心进入梦乡。所以把手机放远，减少蓝光对我们的影响，就能让我们更容易睡个好觉。</span></p><p><span style=\"font-family: 宋体;\"> </span></p><p><span style=\"font-family: 宋体;\"> &nbsp; &nbsp;QA： 问题 1：如果手机关机放旁边会影响睡眠吗？ 回答 1：关机的手机基本不会影响睡眠，但为了确保万无一失，还是放远一点更好。 问题 2：戴眼罩能替代把手机放远吗？ 回答 2：戴眼罩能在一定程度上减少光线干扰，但手机的辐射等潜在影响依然存在，把手机放远更保险。 问题 3：那平板电脑放远是不是也一样？ 回答 3：平板电脑和手机类似，放远都有助于提高睡眠质量，因为它们都会发出干扰睡眠的光线。</span></p><p><img src=\"/upload/4cadcdcc-aea3-4b58-ae2e-1f6902de93287533584754490139605.png\" alt=\"\" data-href=\"\" style=\"\"/></p>','/upload/7adf9914-0740-4ccb-8550-5b3e1e73fa641010324713238696437.png',NULL,'2025-02-25 20:31:29','2025-02-28 00:32:44'),(25,'生气的时候为何不宜进食','进食','<p><span style=\"font-family: 宋体;\"> &nbsp; &nbsp;生气时不宜进食，主要是因为生气会影响消化功能，导致食物不能正常消化吸收。</span></p><p><span style=\"font-family: 宋体;\"> &nbsp; &nbsp;这就好比一部机器，正常运转时能高效工作，但如果内部零件受到干扰出现故障，工作效率就会大打折扣。生气时，身体的神经系统和内分泌系统会发生变化，使得胃肠道的蠕动变得紊乱，消化液的分泌也会受到影响。原本有序的消化过程被打乱，就像工厂里的生产线出现混乱，食物无法被有效地分解和加工，容易引起胃胀、胃痛、消化不良等问题。</span></p><p><span style=\"font-family: 宋体;\"> </span></p><p><span style=\"font-family: 宋体;\">相关 QA：</span></p><p><span style=\"font-family: 宋体;\">问题 1：生气后多久进食比较合适？ 回答：一般建议在情绪平稳，身体恢复正常状态后的 1 - 2 小时后再进食。</span></p><p><span style=\"font-family: 宋体;\">问题 2：生气时喝水可以吗？ 回答：少量喝水是可以的，但不宜大量饮水，以免加重胃肠负担。</span></p><p><span style=\"font-family: 宋体;\">问题 3：经常生气进食会怎样？ 回答：经常在生气时进食，可能会导致长期的胃肠功能紊乱，甚至引发胃炎、胃溃疡等疾病。</span></p><p><img src=\"/upload/7b0f2701-24fe-467b-adf4-ea5b458d056c8009173832529176695.png\" alt=\"\" data-href=\"\" style=\"\"/></p>','/upload/0a41eb58-b7a2-48bb-b33b-fc21daa1841e3013853316097890222.jpg',NULL,'2025-02-25 20:34:38','2025-02-28 00:32:24'),(26,'怎么利用瑜伽减轻办公室人群肩颈疼痛','瑜伽','<p><span style=\"font-family: 宋体;\"> &nbsp; &nbsp;通过特定的瑜伽动作可以有效减轻办公室人群的肩颈疼痛。比如牛面式、蝗虫式和猫伸展式。</span></p><p><span style=\"font-family: 宋体;\"> &nbsp; &nbsp;办公室人群长时间保持一个姿势，肩颈肌肉就像被拉紧的橡皮筋，一直处于紧张状态。而瑜伽动作就像是给这些紧绷的橡皮筋松绑。牛面式能拉伸肩部和颈部的肌肉，就好像把皱巴巴的毛巾一点点展开捋平；蝗虫式增强背部力量，如同给虚弱的背部肌肉注入能量，让它能更好地支撑肩颈；猫伸展式则能放松颈部和脊椎，仿佛是给僵硬的脊椎做了一次温柔的按摩。</span></p><p><span style=\"font-family: 宋体;\"> &nbsp; &nbsp;QA： 问题 1：瑜伽动作需要每天做吗？ 回答：不一定需要每天做，但保持一定的频率，比如每周 3 - 5 次，会有较好的效果。 问题 2：做瑜伽时动作不标准会有效果吗？ 回答：动作不标准可能效果会打折扣，还可能造成损伤，所以尽量在专业指导下进行。 问题 3：每次做瑜伽多久能缓解肩颈疼痛？ 回答：这因人而异，一般持续练习几周甚至几个月会逐渐看到效果，但关键是要坚持。</span></p><p><img src=\"/upload/006d512c-a848-44ee-8938-e0abaabac8d57849132692449532434.png\" alt=\"\" data-href=\"\" style=\"\"/></p>','/upload/0a79aa6b-9892-4a5c-b659-fb41bd27b4f72982611267103298681.png',NULL,'2025-02-25 20:36:26','2025-02-28 00:32:08'),(27,'运动前热身到底有哪些好处','运动','<p><span style=\"font-family: 宋体;\"> &nbsp; &nbsp;运动前热身的好处主要有减少受伤风险、提高运动表现和让身体更快进入状态。</span></p><p><span style=\"font-family: 宋体;\"> &nbsp; &nbsp;就好比一辆汽车，在高速行驶前需要先预热引擎，让各个部件充分润滑，运转更顺畅。热身能让身体的肌肉、关节像汽车部件一样，做好准备，避免突然剧烈运动带来的拉伤、扭伤等损伤。同时，热身能增加血液流动，就像给汽车的油箱加满油，为后续的运动提供更多能量，让您跑得更快、跳得更高。而且，热身还能调动神经系统的积极性，好比是给汽车的电脑系统进行优化升级，让身体的反应更敏捷，动作更协调。</span></p><p><span style=\"font-family: 宋体;\">相关 QA：</span></p><p><span style=\"font-family: 宋体;\">问题 1：热身需要多长时间？ 回答：一般来说，热身 5 - 15 分钟较为合适，具体时间取决于运动的强度和类型。</span></p><p><span style=\"font-family: 宋体;\">问题 2：热身的强度应该多大？ 回答：热身的强度应该适中，让身体微微出汗，心跳稍微加快即可。</span></p><p><span style=\"font-family: 宋体;\">问题 3：如果不热身直接运动，会怎样？ 回答：不热身直接运动就像没做准备就上战场，很容易受伤，而且运动效果也不好，容易疲劳。</span></p><p><img src=\"/upload/4145274e-d3e3-461a-9b20-f1fd90cf307f6875166307363325728.png\" alt=\"\" data-href=\"\" style=\"\"/></p>','/upload/c0b9320d-1626-4e5b-8bbb-ce9242889bcd6990670995447604606.jpg',NULL,'2025-02-25 20:37:39','2025-02-28 00:31:49'),(28,'每日坚持做几组深蹲可有效锻炼腿部肌肉','深蹲','<p><span style=\"font-family: 宋体;\"> &nbsp; &nbsp;对于一般成年人来说，每天进行 3-5 组深蹲，每组 10-20 个，能有效锻炼腿部肌肉。</span></p><p><span style=\"font-family: 宋体;\"> &nbsp; &nbsp;深蹲就像是在给腿部的肌肉“施肥浇水”，让它们茁壮成长。每组 10 - 20 个的深蹲，就像是每次适量的浇水，既不会太多让肌肉“淹死”，也不会太少让它们“渴着”。而 3 - 5 组，则像是定期的养护，持续地刺激肌肉生长。如果一开始做不了这么多，可以循序渐进，逐渐增加组数和个数。就像刚开始学走路的孩子，不可能一下子跑起来，得一步一步来。</span></p><p><span style=\"font-family: 宋体;\">相关 QA：</span></p><p><span style=\"font-family: 宋体;\">问题 1：深蹲时膝盖能超过脚尖吗？ 回答：在正确的深蹲姿势中，膝盖可以略微超过脚尖，但过度超过可能会增加膝盖压力。</span></p><p><span style=\"font-family: 宋体;\">问题 2：深蹲时如何避免受伤？ 回答：首先要保持正确的姿势，背部挺直，重心稳定。就像盖房子要打好地基一样。其次，不要盲目增加重量或数量，要根据自身能力逐步提升。</span></p><p><span style=\"font-family: 宋体;\">问题 3：深蹲后腿部酸痛怎么办？ 回答：这是正常的肌肉反应，可以通过拉伸、按摩来缓解，就像跑完步要放松肌肉一样。同时，保证充足的休息和营养摄入，帮助肌肉恢复。</span></p><p><img src=\"/upload/69e7395a-0c85-49d5-bfb0-c23374b28adc8666194761534697203.png\" alt=\"\" data-href=\"\" style=\"\"/></p>','/upload/055d107b-eda0-4135-a928-3e817a7670596216625165572548442.png',NULL,'2025-02-25 20:44:06','2025-02-28 00:31:25'),(29,'做瑜伽为何有助于提升柔韧性','瑜伽','<p><span style=\"font-family: 宋体;\"> &nbsp; &nbsp;做瑜伽有助于提升柔韧性，是因为瑜伽包含了各种伸展、扭转和弯曲的动作，能逐渐拉长肌肉和韧带。</span></p><p><span style=\"font-family: 宋体;\"> &nbsp; &nbsp;这就好比给身体的“橡皮筋”做持续而温和的拉伸。我们的肌肉和韧带就像橡皮筋，如果长期不拉伸，它们就会变得紧绷和缩短。而瑜伽中的动作，就像是有一双温柔而坚定的手，慢慢地、持续地把这些“橡皮筋”拉长，让它们恢复弹性和伸展性。通过不断重复这些动作，身体逐渐适应并接受这种拉伸，柔韧性也就自然而然地提高了。</span></p><p><span style=\"font-family: 宋体;\">QA：问题：瑜伽提升柔韧性需要多久？</span></p><p><span style=\"font-family: 宋体;\">回答：这取决于个人的初始柔韧性、练习的频率和强度。一般来说，坚持每周练习 3-5 次，几个月后就能看到明显的效果。</span></p><p><span style=\"font-family: 宋体;\">问题：哪些瑜伽动作对提升柔韧性最有效？</span></p><p><span style=\"font-family: 宋体;\">回答：像下犬式、三角式、坐姿前屈等动作都非常有助于提升柔韧性，但不同人的身体状况不同，效果也会有所差异。</span></p><p><span style=\"font-family: 宋体;\">问题：年龄大了做瑜伽还能提升柔韧性吗？</span></p><p><span style=\"font-family: 宋体;\">回答：年龄大了身体的柔韧性可能相对较差，但通过适当的瑜伽练习，仍然可以在一定程度上提升柔韧性，只是可能需要更多的时间和耐心。</span></p><p><img src=\"/upload/3531f379-8a21-4233-a6a3-7c14a1b8efb06624337590571500974.png\" alt=\"\" data-href=\"\" style=\"\"/></p>','/upload/4c816cf0-2601-4ad2-ac86-6df6921d9e1b8919320418696109733.jpg',NULL,'2025-02-25 20:46:46','2025-03-01 13:04:52');
/*!40000 ALTER TABLE `medical_news` ENABLE KEYS */;
UNLOCK TABLES;

--
-- Table structure for table `medicine`
--

DROP TABLE IF EXISTS `medicine`;
/*!40101 SET @saved_cs_client     = @@character_set_client */;
/*!50503 SET character_set_client = utf8mb4 */;
CREATE TABLE `medicine` (
  `id` int NOT NULL AUTO_INCREMENT COMMENT '药品主键ID',
  `medicine_name` varchar(100) CHARACTER SET utf8mb4 COLLATE utf8mb4_0900_ai_ci DEFAULT NULL COMMENT '药的名字',
  `keyword` varchar(255) CHARACTER SET utf8mb4 COLLATE utf8mb4_0900_ai_ci DEFAULT NULL COMMENT '关键字搜索',
  `medicine_effect` mediumtext CHARACTER SET utf8mb4 COLLATE utf8mb4_0900_ai_ci COMMENT '药的功效',
  `medicine_brand` varchar(255) CHARACTER SET utf8mb4 COLLATE utf8mb4_0900_ai_ci DEFAULT NULL COMMENT '药的品牌',
  `interaction` mediumtext CHARACTER SET utf8mb4 COLLATE utf8mb4_0900_ai_ci COMMENT '药的相互作用',
  `taboo` mediumtext CHARACTER SET utf8mb4 COLLATE utf8mb4_0900_ai_ci COMMENT '禁忌',
  `us_age` mediumtext CHARACTER SET utf8mb4 COLLATE utf8mb4_0900_ai_ci COMMENT '用法用量',
  `medicine_type` int DEFAULT NULL COMMENT '药的类型，0西药，1中药，2中成药',
  `img_path` varchar(255) CHARACTER SET utf8mb4 COLLATE utf8mb4_0900_ai_ci DEFAULT NULL COMMENT '相关图片路径',
  `medicine_price` decimal(10,2) DEFAULT NULL COMMENT '药的价格',
  `create_time` datetime DEFAULT CURRENT_TIMESTAMP COMMENT '创建时间',
  `update_time` datetime DEFAULT CURRENT_TIMESTAMP ON UPDATE CURRENT_TIMESTAMP COMMENT '更新时间',
  PRIMARY KEY (`id`) USING BTREE
) ENGINE=InnoDB AUTO_INCREMENT=9 DEFAULT CHARSET=utf8mb4 COLLATE=utf8mb4_0900_ai_ci ROW_FORMAT=DYNAMIC;
/*!40101 SET character_set_client = @saved_cs_client */;

--
-- Dumping data for table `medicine`
--

LOCK TABLES `medicine` WRITE;
/*!40000 ALTER TABLE `medicine` DISABLE KEYS */;
INSERT INTO `medicine` VALUES (1,'阿莫西林胶囊','消炎药、感冒药','本品尚可用于治疗伤寒、伤寒带菌者及钩端螺旋体病；阿莫西林亦可与克拉霉素、兰索拉唑三联用药根除胃、十二指肠幽门螺杆菌，降低消化道溃疡复发率。','仁和','1．丙磺舒竞争性地减少本品的肾小管分泌，两者同时应用可引起阿莫西林血浓度升高、半衰期延长。\n2．氯霉素、大环内酯类、磺胺类和四环素类药物在体外干扰阿莫西林的抗菌作用，但其临床意义不明。','1. 青霉素类口服药可引起过敏性休克，有多见于青霉素或头孢菌素过敏史的患者。用药前必须详细询问药物过敏史并做青霉素皮肤试验。如发生过敏性休克，应就地抢救，予以保持气道畅通、吸氧及应用肾上腺素、糖皮质激素等治疗措施。\n2.传染性单核细胞增多症患者应用本品易发生皮疹，应避免使用。\n3.疗程较长患者应检查肝、肾功能和血常规。\n4.阿莫西林可导致采用Benedict或Fehling试剂的尿糖试验出现假阳性。\n5.下列情况应慎用：\n(1)有哮喘、枯草热等过敏性疾病史者。\n(2)老年人和肾功能严重损害时可能须调整剂量。','成人的具体使用剂量为0.5g/次，每6-8小时重复用药，24小时内服用剂量不能超过4g。儿童一日用药剂量按照患者实际体重为20-40mg/kg，重复用药间隔时长为8h/次。',1,'/upload/1f747547-8f46-4489-8523-f5758abf05011566146120046427466.jpg',14.00,'2022-05-02 11:46:00','2025-03-26 15:37:38'),(2,'999感冒灵颗粒','感冒药、流鼻涕、发烧','解热镇痛功效，用于因感冒引起的头痛，发热，鼻塞，流涕，咽痛等症状。','999','三九感冒灵颗粒是复方药，里面含有中西药成分，不宜和西药感冒药同服。如果两种药中含有同一种成分，就只能选择服用其中一种，以免使摄入药量加倍，增加毒性，成为重复用药 [3]  。比如，三九感冒灵颗粒和西药泰诺，都含有解热镇痛效果的“扑热息痛”成分，若是两种药一起吃，过量的“扑热息痛”会对人体肝脏造成损害。','1.忌烟，酒及辛辣，生冷，油腻食物。\n2.不宜在服药期间同时服用滋补性中成药\n3. 高血压、心脏病、肝病、肾病等慢性病严重者应在医师指导下服用。\n4.本品含对乙氨基酚，马来酸氨苯那敏，咖啡因。服用本品期间不得饮酒或含有酒精的饮料；不能同时服用与本品成分相似的其它抗感冒药；肝，肾功能不全者慎用；膀胱颈梗阻，甲状腺功能亢进，青光眼，高血压和前列腺肥大者慎用；孕妇及哺乳期妇女慎用；服药期间不得驾驶机，车，船，从事高空作业，机械作业及操作精密仪器。\n5.脾胃虚寒，症见腹痛，喜暖，泄泻者慎用。\n6.糖尿病患者、消化道溃疡患者、膀胱颈梗阻、幽门十二指肠梗阻、甲状腺机能亢进、青光眼以及前列腺肥大等患者慎用。\n7.儿童，年老体弱者应在医师指导下使用。\n8.服药3天后症状无改善，或症状加重，或出现新的严重症状如胸闷，心悸等应立即停药，并去医院就诊。\n9.对本药过敏者禁用，过敏体质者慎用。\n10. 本品性状发生改变时禁止使用。\n11.儿童必须在成人监护下使用。\n12.请将本品放在儿童不能接触的地方。\n13.如正在使用其他药品，使用本品前请咨询医师或药师.','开水冲服，一次1袋，一日3次。小儿减量或遵医嘱。',2,'/upload/6307a857-423b-49bf-86af-933493b7939e6409710136130226622.jpg',39.80,'2022-05-02 11:50:13','2025-03-26 15:37:38'),(3,'开塞露','便秘','都是利用甘油或山梨醇的高浓度，即高渗作用，软化大便，刺激肠壁，反射性地引起排便反应，再加上其具有润滑作用，能使大便容易排出','信龙',NULL,'1.刺破或剪开后的注药导管的开口应光滑，以免擦伤肛门或直肠。\n2.对本品过敏者禁用，过敏体质者慎用。\n3.本品性状发生改变时禁止使用。\n4.请将本品放在儿童不能接触的地方。\n5.儿童必须在成人监护下使用。\n6.如正在使用其他药品，使用本品前请咨询医师或药师。','将容器顶端刺破或剪开，涂以油脂少许，缓慢插入肛门，然后将药液挤入直肠内，成人一次1支，儿童一次\n0.5支。',0,'/upload/86f2bf59-3ff3-48e4-bf91-f4f53f50cc402194691733270877705.jpg',18.00,'2022-05-02 12:52:13','2025-03-26 15:37:38'),(4,'三九胃泰颗粒','胃胀、胃痛、胃不舒服','清热祛湿，消炎止痛，理气除胀，养胃益肠。','999',NULL,'1． 服药期间，忌食辛辣，油炸，过酸食物及酒类等刺激性食品。\n2． 十五天为一疗程，初显疗效后不宜立即停药，建议再服3—4个疗程以巩固疗效。\n3．胃寒患者慎用。','开水冲服。一次1袋，一日2次。',0,'/upload/00654132-02d0-46df-ba7e-02571987736a2421043117786150356.jpg',15.00,'2022-05-02 12:58:32','2025-03-26 15:37:38'),(5,'999皮炎平','皮肤瘙痒','用于局限性瘙痒症、神经性皮炎、接触性皮炎、脂溢性皮炎以及慢性湿疹。','999',NULL,'1.患处已破溃、化脓或有明显渗出者禁用。\n2.病毒感染者（如有疱疹、水痘）禁用。\n3.对本品成分过敏者禁用。','皮肤外用。取少量涂于患处，并轻揉片刻；一日1~2次，病情较重或慢性炎症患者，每日5-8次或遵医嘱。',0,'/upload/41_1593961422384284.jpg',15.21,'2022-05-02 13:01:34','2025-03-26 15:37:38'),(6,'甲硝唑','牙痛','适应症为用于治疗肠道和肠外阿米巴病（如阿米巴肝脓肿、胸膜阿米巴病等）。还可用于治疗阴道滴虫病、小袋虫病和皮肤利什曼病、麦地那龙线虫感染等。目前还广泛用于厌氧菌感染的治疗','奥可安','本品能增强华法林等抗凝药物的作用。与土霉素合用可干扰甲硝唑清除阴道滴虫的作用。','有活动性中枢神经系统疾患和血液病者禁用。','成人一次两片，一日三次',0,'/upload/bcc8f594-6b54-4dd2-a403-43226609df9c2306939171132324525.jpg',28.50,'2022-05-02 13:03:27','2025-03-26 15:37:38'),(7,'布洛芬缓释胶囊','头疼、缓解痛','用于缓解轻至中度疼痛如头痛、偏头痛、牙痛、痛经、关节痛、肌肉痛、神经痛，也用于普通感冒或流行性感冒引起的发热','芬必得','.本品与其他解热、镇痛、抗炎药物同用时可增加胃肠道不良反应，并可能导致溃疡。 2.本品与肝素、双香豆素类(如华法林)等抗凝药 同用时，可导致凝血酶原时间延长，增加出血倾向。 3.本品与地高辛、甲氨蝶呤、口服降血糖药物同用 时，能使这些药物的血药浓度增高，不宜同用。 ','1.对其他非甾休抗炎药过敏者禁用。 2.孕妇及晡乳期妇女禁用。 3.对阿司匹林过敏的哮喘患者禁用。 4.严重肝肾功能不全者或严重心力衰竭者禁用。 5.正在服用其他含有布洛芬或其他非甾休抗炎药， 包括服用已知是特异性环氧化酶-2抑制剂药物的患者禁用。除非医生建议使用。 6.既往有与使用非甾体类抗炎药治疗相关的上消化道出血或穿孔史者禁用。 7.活动性或既往有消化性溃疡史，胃肠道出血或穿孔的患者禁用。','口服。成人，一次1片，一日2次（早晚各一次）。',1,'/upload/4e74ac1b-a525-425b-b6ea-8fb4332b7bf939928721637918329.jpg',1.00,'2022-05-02 13:10:47','2025-03-26 15:37:38'),(8,'午时茶颗粒','中成药','祛风解表，化湿和中。','三中制药','本药与其它药物同时服用时可能会相互影响。因此，如果您正在使用其他药物，请提前告知医生您正在接受的所有治疗方案。','对本品成分过敏的人禁止使用。','服用时需要用开水冲开，每次服用一袋（6克），每天1到2次。建议在医生指导下规范用药。\n',2,'/upload/f963b354-c8a5-453d-ba87-735e48ff63c42051732358021610015.webp',23.00,'2025-03-26 15:52:50','2025-03-26 15:52:50');
/*!40000 ALTER TABLE `medicine` ENABLE KEYS */;
UNLOCK TABLES;

--
-- Table structure for table `pageview`
--

DROP TABLE IF EXISTS `pageview`;
/*!40101 SET @saved_cs_client     = @@character_set_client */;
/*!50503 SET character_set_client = utf8mb4 */;
CREATE TABLE `pageview` (
  `id` int NOT NULL AUTO_INCREMENT COMMENT '主键id',
  `pageviews` int DEFAULT NULL COMMENT '浏览量',
  `illness_id` int DEFAULT NULL COMMENT '病的id',
  PRIMARY KEY (`id`) USING BTREE
) ENGINE=InnoDB AUTO_INCREMENT=15 DEFAULT CHARSET=utf8mb4 COLLATE=utf8mb4_0900_ai_ci ROW_FORMAT=DYNAMIC;
/*!40101 SET character_set_client = @saved_cs_client */;

--
-- Dumping data for table `pageview`
--

LOCK TABLES `pageview` WRITE;
/*!40000 ALTER TABLE `pageview` DISABLE KEYS */;
INSERT INTO `pageview` VALUES (5,19,1),(6,16,13),(7,8,4),(8,7,2),(9,7,3),(10,7,5),(11,7,6),(12,9,7),(13,7,8),(14,1,9);
/*!40000 ALTER TABLE `pageview` ENABLE KEYS */;
UNLOCK TABLES;

--
-- Table structure for table `user`
--

DROP TABLE IF EXISTS `user`;
/*!40101 SET @saved_cs_client     = @@character_set_client */;
/*!50503 SET character_set_client = utf8mb4 */;
CREATE TABLE `user` (
  `id` int NOT NULL AUTO_INCREMENT COMMENT '用户主键id',
  `user_account` varchar(255) CHARACTER SET utf8mb4 COLLATE utf8mb4_0900_ai_ci DEFAULT NULL COMMENT '用户账号',
  `user_name` varchar(255) CHARACTER SET utf8mb4 COLLATE utf8mb4_0900_ai_ci DEFAULT NULL COMMENT '用户的真实名字',
  `user_pwd` varchar(255) CHARACTER SET utf8mb4 COLLATE utf8mb4_0900_ai_ci DEFAULT NULL COMMENT '用户密码',
  `user_age` int DEFAULT NULL COMMENT '用户年龄',
  `user_sex` varchar(1) CHARACTER SET utf8mb4 COLLATE utf8mb4_0900_ai_ci DEFAULT NULL COMMENT '用户性别',
  `user_email` varchar(255) CHARACTER SET utf8mb4 COLLATE utf8mb4_0900_ai_ci DEFAULT NULL COMMENT '用户邮箱',
  `user_tel` varchar(50) CHARACTER SET utf8mb4 COLLATE utf8mb4_0900_ai_ci DEFAULT NULL COMMENT '手机号',
  `role_status` int DEFAULT NULL COMMENT '角色状态，1管理员，0普通用户',
  `user_type` int DEFAULT '0' COMMENT '用户类型，0普通用户，1全科医生',
  `img_path` varchar(255) CHARACTER SET utf8mb4 COLLATE utf8mb4_0900_ai_ci DEFAULT NULL COMMENT '用户头像',
  `doctor_qualification_images` varchar(1000) DEFAULT NULL COMMENT '医生资质证明图片路径，多个图片以逗号分隔',
  `audit_status` tinyint DEFAULT '0' COMMENT '审核状态：0-待审核，1-已通过，2-已拒绝',
  `create_time` datetime DEFAULT CURRENT_TIMESTAMP COMMENT '创建时间',
  `update_time` datetime DEFAULT CURRENT_TIMESTAMP ON UPDATE CURRENT_TIMESTAMP COMMENT '更新时间',
  `is_registered` tinyint(1) DEFAULT '0' COMMENT '是否已挂号(0-未挂号,1-已挂号)',
  PRIMARY KEY (`id`) USING BTREE,
  KEY `create_time` (`create_time`) USING BTREE
) ENGINE=InnoDB AUTO_INCREMENT=20 DEFAULT CHARSET=utf8mb4 COLLATE=utf8mb4_0900_ai_ci ROW_FORMAT=DYNAMIC;
/*!40101 SET character_set_client = @saved_cs_client */;

--
-- Dumping data for table `user`
--

LOCK TABLES `user` WRITE;
/*!40000 ALTER TABLE `user` DISABLE KEYS */;
INSERT INTO `user` VALUES (4,'admin','管理员','123456',23,'男','2678788262@qq.com','17746678954',1,0,'/upload/2372d489-4382-4238-82cc-06b146e22034702199464888193432.jpg',NULL,0,'2022-05-03 15:55:41','2025-03-27 15:37:54',0),(5,'zhangsan','张三','123456',23,'女','isxuewei@qq.com','17879544343',0,0,'/upload/2372d489-4382-4238-82cc-06b146e22034702199464888193432.jpg',NULL,0,'2022-05-03 16:15:53','2025-03-27 15:37:55',0),(6,'123','123','123',123,'男','1106591118@qq.com','123',0,0,'/upload/2372d489-4382-4238-82cc-06b146e22034702199464888193432.jpg',NULL,0,'2025-02-23 03:33:27','2025-03-27 15:37:55',0),(7,'844704781','zhangasn','qwer1234',12,'男','844704781@qq.com','17621608447',0,0,'/upload/2372d489-4382-4238-82cc-06b146e22034702199464888193432.jpg',NULL,0,'2025-03-25 14:59:16','2025-03-27 15:37:56',0),(8,'lisi','李四','123123',12,'男','17621608447@qq.com','1872635112',0,0,'/upload/2372d489-4382-4238-82cc-06b146e22034702199464888193432.jpg',NULL,0,'2025-03-26 16:08:34','2025-03-26 16:09:09',0),(9,'user001','user001','123123',12,'男','17621608447@qq.com','182736122511',0,0,'/upload/2372d489-4382-4238-82cc-06b146e22034702199464888193432.jpg',NULL,0,'2025-03-26 16:24:43','2025-03-27 15:37:57',0),(10,'user002','user002','123123',12,'女','844704781@qq.com','18726152211',0,1,'/upload/2372d489-4382-4238-82cc-06b146e22034702199464888193432.jpg',NULL,2,'2025-03-26 16:25:34','2025-03-27 15:37:58',0),(11,'user003','user003','123123',23,'男','844704781@qq.com','18273615222',0,1,'/upload/2372d489-4382-4238-82cc-06b146e22034702199464888193432.jpg','/upload/f2422cd0-3ce3-44b6-a58c-909dfd0cfafe5047978567577987584.jpg',1,'2025-03-26 17:03:27','2025-03-27 15:38:00',0),(12,'user004','user004','123123',32,'男','844704781@qq.com','18273615222',0,1,'/upload/28947490-6ccc-4cac-b0bb-72ed0cbb485c9054457781849873074.webp','/upload/4c963b14-7452-4c5e-be05-a9fca2ef366e7107723848895206171.png,/upload/8e077e20-f9ba-4d36-bb3e-8d620028f0ea1795905592583422383.png',1,'2025-03-26 17:04:40','2025-03-27 15:39:54',0),(13,'test001','zhangsan','123123',12,'男','844704781@qq.com','123541231231',0,0,'/upload/2372d489-4382-4238-82cc-06b146e22034702199464888193432.jpg','',1,'2025-03-27 14:32:57','2025-03-27 15:38:04',0),(14,'test002','zhangasn','123123',12,'女','844704781@qq.com','123541231231',0,0,'/upload/2372d489-4382-4238-82cc-06b146e22034702199464888193432.jpg','',1,'2025-03-27 14:36:45','2025-03-27 15:38:02',0),(15,'赵医生','赵医生','123456',38,'男','2057645690@qq.com','15316529762',0,1,'/assets/images/default.jpg','/upload/c3069cf0-f1dd-443b-a489-40df0c265521810758447044919460.jpeg',1,'2025-04-01 14:19:06','2025-04-01 14:19:06',0),(16,'1','1','1',1,'男','1253187131@qq.com','1',0,0,'/assets/images/default.jpg','',1,'2025-04-03 05:46:13','2025-04-03 05:46:13',0),(17,'test003','test003','123123',12,'男','844704781@qq.com','17263518331',0,0,'/assets/images/default.jpg','',1,'2025-04-03 09:30:32','2025-04-03 09:30:32',0),(18,'test004','test004','123123',12,'男','844704781@qq.com','172638192221',0,0,'/assets/images/default.jpg','',1,'2025-04-03 09:34:08','2025-04-03 09:34:08',0),(19,'A1','www','123456',22,'男','2446393606@qq.com','12345678901',0,1,'/assets/images/default.jpg','/upload/48f04f89-2c4d-4160-94fa-8f8264b19c3c7627954134019106291.png',1,'2025-04-04 16:15:20','2025-04-04 16:15:20',0);
/*!40000 ALTER TABLE `user` ENABLE KEYS */;
UNLOCK TABLES;
/*!40103 SET TIME_ZONE=@OLD_TIME_ZONE */;

/*!40101 SET SQL_MODE=@OLD_SQL_MODE */;
/*!40014 SET FOREIGN_KEY_CHECKS=@OLD_FOREIGN_KEY_CHECKS */;
/*!40014 SET UNIQUE_CHECKS=@OLD_UNIQUE_CHECKS */;
/*!40101 SET CHARACTER_SET_CLIENT=@OLD_CHARACTER_SET_CLIENT */;
/*!40101 SET CHARACTER_SET_RESULTS=@OLD_CHARACTER_SET_RESULTS */;
/*!40101 SET COLLATION_CONNECTION=@OLD_COLLATION_CONNECTION */;
/*!40111 SET SQL_NOTES=@OLD_SQL_NOTES */;

-- Dump completed on 2025-04-05 21:32:48
